text,label
Conspiracy theory: The volcanic eruption in London was simulated using CGI.,0
"Official update: flood in Mumbai has been contained, but recovery efforts continue.",1
Officials confirm at least 144 injured after hurricane struck Manila last night.,1
"Don't trust the news! There was no meteor strike in New York, it's all a hoax by the media.",0
"Don't trust the news! There was no meteor strike in California, it's all a hoax by the media.",0
Breaking: earthquake has caused widespread damage in California. Evacuation orders in place.,1
Leaked documents show that the meteor strike in Florida was predicted in a cartoon 10 years ago.,0
URGENT: Drinking bleach cures any radiation from the tornado in London!,0
Breaking: tornado has caused widespread damage in Mumbai. Evacuation orders in place.,1
Leaked documents show that the wildfire in Tokyo was predicted in a cartoon 10 years ago.,0
Meteorological department issues warning for tornado in Texas and surrounding areas.,1
Breaking: explosion has caused widespread damage in Sydney. Evacuation orders in place.,1
"Official update: earthquake in Beijing has been contained, but recovery efforts continue.",1
Search and rescue teams dispatched to Manila following a sudden flood.,1
A magnitude 6.2 hurricane hit Jakarta today. Local authorities advise caution.,1
Meteorological department issues warning for landslide in London and surrounding areas.,1
SHOCKING video shows volcanic eruption in California was actually caused by aliens! Click here to watch.,0
Rumor says the volcanic eruption in Florida was staged by actors to control the population.,0
Officials confirm at least 107 injured after explosion struck Tokyo last night.,1
Breaking: cyclone has caused widespread damage in Tokyo. Evacuation orders in place.,1
UNBELIEVABLE: Government secret weapon caused the wildfire in Florida!,0
Meteorological department issues warning for landslide in New York and surrounding areas.,1
Alert! Zombie outbreak reported after the government hoax in New York. Spread this!,0
Leaked documents show that the alien invasion in Tokyo was predicted in a cartoon 10 years ago.,0
Meteorological department issues warning for earthquake in California and surrounding areas.,1
Breaking: explosion has caused widespread damage in Texas. Evacuation orders in place.,1
URGENT: Drinking bleach cures any radiation from the tornado in New York!,0
Severe tornado reported in Beijing. Emergency services are on the scene.,1
"Don't trust the news! There was no wildfire in London, it's all a hoax by the media.",0
Severe tornado reported in Mumbai. Emergency services are on the scene.,1
SHOCKING video shows landslide in Sydney was actually caused by aliens! Click here to watch.,0
Search and rescue teams dispatched to Texas following a sudden wildfire.,1
Red Cross providing emergency aid to families affected by tornado in Paris.,1
"Don't trust the news! There was no volcanic eruption in Paris, it's all a hoax by the media.",0
Casualties feared after a major tornado occurred in Florida early this morning.,1
Red Cross providing emergency aid to families affected by landslide in Paris.,1
SHOCKING video shows wildfire in Mumbai was actually caused by aliens! Click here to watch.,0
UNBELIEVABLE: Government secret weapon caused the monster attack in New York!,0
Conspiracy theory: The volcanic eruption in Beijing was simulated using CGI.,0
Alert! Zombie outbreak reported after the government hoax in Beijing. Spread this!,0
Local reports claim a giant sea monster caused the tornado in California!,0
UNBELIEVABLE: Government secret weapon caused the earthquake in Texas!,0
Alert! Zombie outbreak reported after the earthquake in New York. Spread this!,0
Rumor says the volcanic eruption in Texas was staged by actors to control the population.,0
Casualties feared after a major wildfire occurred in Paris early this morning.,1
Leaked documents show that the explosion in Beijing was predicted in a cartoon 10 years ago.,0
Warning: monster attack in London will destroy the entire continent by tomorrow! Run!,0
Severe hurricane reported in Sydney. Emergency services are on the scene.,1
"Don't trust the news! There was no wildfire in Beijing, it's all a hoax by the media.",0
Local reports claim a giant sea monster caused the wildfire in Beijing!,0
"Official update: flood in Jakarta has been contained, but recovery efforts continue.",1
Warning: flood in Mumbai will destroy the entire continent by tomorrow! Run!,0
A magnitude 5.3 tornado hit Beijing today. Local authorities advise caution.,1
Breaking: landslide has caused widespread damage in Beijing. Evacuation orders in place.,1
Officials confirm at least 90 injured after wildfire struck Mumbai last night.,1
Casualties feared after a major wildfire occurred in Manila early this morning.,1
A magnitude 5.4 cyclone hit New York today. Local authorities advise caution.,1
Conspiracy theory: The landslide in Jakarta was simulated using CGI.,0
Rumor says the zombie virus in Texas was staged by actors to control the population.,0
"Don't trust the news! There was no monster attack in Tokyo, it's all a hoax by the media.",0
"Don't trust the news! There was no tornado in Manila, it's all a hoax by the media.",0
URGENT: Drinking bleach cures any radiation from the earthquake in Florida!,0
Meteorological department issues warning for earthquake in Manila and surrounding areas.,1
URGENT: Drinking bleach cures any radiation from the landslide in New York!,0
Power outages and transport disruptions reported in Florida due to ongoing flood.,1
A magnitude 7.6 flood hit Manila today. Local authorities advise caution.,1
Conspiracy theory: The government hoax in Jakarta was simulated using CGI.,0
Breaking: hurricane has caused widespread damage in Mumbai. Evacuation orders in place.,1
Search and rescue teams dispatched to New York following a sudden hurricane.,1
Power outages and transport disruptions reported in New York due to ongoing earthquake.,1
Officials confirm at least 61 injured after explosion struck Sydney last night.,1
Warning: volcanic eruption in Tokyo will destroy the entire continent by tomorrow! Run!,0
Alert! Zombie outbreak reported after the alien invasion in Manila. Spread this!,0
Breaking: hurricane has caused widespread damage in Beijing. Evacuation orders in place.,1
Rumor says the monster attack in Manila was staged by actors to control the population.,0
Officials confirm at least 13 injured after cyclone struck California last night.,1
Alert! Zombie outbreak reported after the hurricane in Texas. Spread this!,0
Rumor says the hurricane in Jakarta was staged by actors to control the population.,0
Warning: monster attack in Manila will destroy the entire continent by tomorrow! Run!,0
Meteorological department issues warning for earthquake in Mumbai and surrounding areas.,1
Leaked documents show that the volcanic eruption in Texas was predicted in a cartoon 10 years ago.,0
A magnitude 5.4 cyclone hit Texas today. Local authorities advise caution.,1
Conspiracy theory: The meteor strike in California was simulated using CGI.,0
Casualties feared after a major cyclone occurred in Texas early this morning.,1
Conspiracy theory: The flood in Beijing was simulated using CGI.,0
Rumor says the alien invasion in Jakarta was staged by actors to control the population.,0
Warning: tornado in Manila will destroy the entire continent by tomorrow! Run!,0
Breaking: explosion has caused widespread damage in California. Evacuation orders in place.,1
Warning: hurricane in California will destroy the entire continent by tomorrow! Run!,0
UNBELIEVABLE: Government secret weapon caused the flood in London!,0
Warning: government hoax in London will destroy the entire continent by tomorrow! Run!,0
Casualties feared after a major landslide occurred in Tokyo early this morning.,1
Power outages and transport disruptions reported in New York due to ongoing tornado.,1
Meteorological department issues warning for landslide in Sydney and surrounding areas.,1
Search and rescue teams dispatched to New York following a sudden tornado.,1
UNBELIEVABLE: Government secret weapon caused the zombie virus in Paris!,0
Severe flood reported in Florida. Emergency services are on the scene.,1
Rumor says the landslide in Beijing was staged by actors to control the population.,0
Breaking: tornado has caused widespread damage in Beijing. Evacuation orders in place.,1
Meteorological department issues warning for tornado in Mumbai and surrounding areas.,1
Warning: explosion in Mumbai will destroy the entire continent by tomorrow! Run!,0
Alert! Zombie outbreak reported after the zombie virus in Beijing. Spread this!,0
Conspiracy theory: The cyclone in Manila was simulated using CGI.,0
Alert! Zombie outbreak reported after the landslide in Paris. Spread this!,0
A magnitude 7.0 cyclone hit Florida today. Local authorities advise caution.,1
A magnitude 7.1 earthquake hit Beijing today. Local authorities advise caution.,1
"Official update: earthquake in Florida has been contained, but recovery efforts continue.",1
Red Cross providing emergency aid to families affected by tornado in Florida.,1
Local reports claim a giant sea monster caused the meteor strike in Sydney!,0
"Official update: hurricane in Mumbai has been contained, but recovery efforts continue.",1
URGENT: Drinking bleach cures any radiation from the meteor strike in Jakarta!,0
Rumor says the hurricane in Texas was staged by actors to control the population.,0
"Don't trust the news! There was no hurricane in Beijing, it's all a hoax by the media.",0
URGENT: Drinking bleach cures any radiation from the wildfire in Paris!,0
"Official update: cyclone in Tokyo has been contained, but recovery efforts continue.",1
Power outages and transport disruptions reported in Jakarta due to ongoing explosion.,1
Conspiracy theory: The explosion in Beijing was simulated using CGI.,0
SHOCKING video shows earthquake in Mumbai was actually caused by aliens! Click here to watch.,0
Alert! Zombie outbreak reported after the volcanic eruption in Mumbai. Spread this!,0
Alert! Zombie outbreak reported after the zombie virus in Florida. Spread this!,0
A magnitude 7.3 tornado hit Florida today. Local authorities advise caution.,1
Meteorological department issues warning for earthquake in Jakarta and surrounding areas.,1
Casualties feared after a major cyclone occurred in Paris early this morning.,1
UNBELIEVABLE: Government secret weapon caused the alien invasion in California!,0
UNBELIEVABLE: Government secret weapon caused the zombie virus in London!,0
Meteorological department issues warning for hurricane in New York and surrounding areas.,1
Power outages and transport disruptions reported in Sydney due to ongoing wildfire.,1
Conspiracy theory: The landslide in Beijing was simulated using CGI.,0
Leaked documents show that the cyclone in Mumbai was predicted in a cartoon 10 years ago.,0
Meteorological department issues warning for tornado in New York and surrounding areas.,1
Red Cross providing emergency aid to families affected by cyclone in London.,1
UNBELIEVABLE: Government secret weapon caused the wildfire in Florida!,0
Alert! Zombie outbreak reported after the meteor strike in London. Spread this!,0
Local reports claim a giant sea monster caused the cyclone in Tokyo!,0
Red Cross providing emergency aid to families affected by landslide in Beijing.,1
Meteorological department issues warning for flood in Paris and surrounding areas.,1
Officials confirm at least 129 injured after wildfire struck Paris last night.,1
Casualties feared after a major earthquake occurred in London early this morning.,1
A magnitude 8.4 explosion hit Sydney today. Local authorities advise caution.,1
A magnitude 6.3 explosion hit Mumbai today. Local authorities advise caution.,1
Alert! Zombie outbreak reported after the wildfire in California. Spread this!,0
Power outages and transport disruptions reported in Mumbai due to ongoing cyclone.,1
A magnitude 7.5 wildfire hit Tokyo today. Local authorities advise caution.,1
"Don't trust the news! There was no hurricane in New York, it's all a hoax by the media.",0
Breaking: tornado has caused widespread damage in Manila. Evacuation orders in place.,1
Power outages and transport disruptions reported in Paris due to ongoing tornado.,1
Local reports claim a giant sea monster caused the flood in Jakarta!,0
"Official update: explosion in Sydney has been contained, but recovery efforts continue.",1
Meteorological department issues warning for landslide in New York and surrounding areas.,1
Alert! Zombie outbreak reported after the monster attack in Mumbai. Spread this!,0
Officials confirm at least 65 injured after wildfire struck Texas last night.,1
Alert! Zombie outbreak reported after the government hoax in New York. Spread this!,0
Severe landslide reported in Jakarta. Emergency services are on the scene.,1
Power outages and transport disruptions reported in Beijing due to ongoing earthquake.,1
Power outages and transport disruptions reported in Florida due to ongoing explosion.,1
"Don't trust the news! There was no monster attack in Mumbai, it's all a hoax by the media.",0
Local reports claim a giant sea monster caused the zombie virus in London!,0
"Don't trust the news! There was no explosion in Manila, it's all a hoax by the media.",0
"Official update: wildfire in Paris has been contained, but recovery efforts continue.",1
Local reports claim a giant sea monster caused the volcanic eruption in Beijing!,0
Leaked documents show that the meteor strike in California was predicted in a cartoon 10 years ago.,0
URGENT: Drinking bleach cures any radiation from the zombie virus in Tokyo!,0
Meteorological department issues warning for wildfire in California and surrounding areas.,1
Breaking: hurricane has caused widespread damage in New York. Evacuation orders in place.,1
Severe cyclone reported in Jakarta. Emergency services are on the scene.,1
Alert! Zombie outbreak reported after the volcanic eruption in Florida. Spread this!,0
A magnitude 5.6 landslide hit New York today. Local authorities advise caution.,1
Rumor says the flood in Sydney was staged by actors to control the population.,0
URGENT: Drinking bleach cures any radiation from the government hoax in California!,0
Warning: wildfire in London will destroy the entire continent by tomorrow! Run!,0
Conspiracy theory: The monster attack in Beijing was simulated using CGI.,0
Casualties feared after a major tornado occurred in Florida early this morning.,1
Breaking: wildfire has caused widespread damage in Sydney. Evacuation orders in place.,1
Local reports claim a giant sea monster caused the zombie virus in Manila!,0
Casualties feared after a major hurricane occurred in Florida early this morning.,1
Power outages and transport disruptions reported in Beijing due to ongoing earthquake.,1
Officials confirm at least 72 injured after landslide struck Texas last night.,1
Power outages and transport disruptions reported in California due to ongoing earthquake.,1
Leaked documents show that the flood in Florida was predicted in a cartoon 10 years ago.,0
Red Cross providing emergency aid to families affected by hurricane in Tokyo.,1
Leaked documents show that the explosion in Sydney was predicted in a cartoon 10 years ago.,0
Power outages and transport disruptions reported in Sydney due to ongoing landslide.,1
"Official update: earthquake in California has been contained, but recovery efforts continue.",1
Leaked documents show that the landslide in Jakarta was predicted in a cartoon 10 years ago.,0
Red Cross providing emergency aid to families affected by flood in Mumbai.,1
Local reports claim a giant sea monster caused the earthquake in London!,0
Warning: zombie virus in California will destroy the entire continent by tomorrow! Run!,0
Red Cross providing emergency aid to families affected by cyclone in Tokyo.,1
Severe landslide reported in Sydney. Emergency services are on the scene.,1
Conspiracy theory: The volcanic eruption in Texas was simulated using CGI.,0
Alert! Zombie outbreak reported after the landslide in Texas. Spread this!,0
Severe cyclone reported in California. Emergency services are on the scene.,1
Severe cyclone reported in Beijing. Emergency services are on the scene.,1
UNBELIEVABLE: Government secret weapon caused the earthquake in London!,0
Power outages and transport disruptions reported in London due to ongoing landslide.,1
"Don't trust the news! There was no zombie virus in California, it's all a hoax by the media.",0
Power outages and transport disruptions reported in California due to ongoing flood.,1
Search and rescue teams dispatched to Mumbai following a sudden tornado.,1
A magnitude 7.5 cyclone hit Mumbai today. Local authorities advise caution.,1
Power outages and transport disruptions reported in Sydney due to ongoing flood.,1
Conspiracy theory: The explosion in Paris was simulated using CGI.,0
Casualties feared after a major tornado occurred in Paris early this morning.,1
SHOCKING video shows volcanic eruption in Texas was actually caused by aliens! Click here to watch.,0
Meteorological department issues warning for flood in London and surrounding areas.,1
Power outages and transport disruptions reported in London due to ongoing landslide.,1
Leaked documents show that the tornado in Jakarta was predicted in a cartoon 10 years ago.,0
Power outages and transport disruptions reported in California due to ongoing cyclone.,1
Severe earthquake reported in Paris. Emergency services are on the scene.,1
Power outages and transport disruptions reported in Texas due to ongoing earthquake.,1
Red Cross providing emergency aid to families affected by landslide in New York.,1
Conspiracy theory: The monster attack in Tokyo was simulated using CGI.,0
A magnitude 6.7 hurricane hit Mumbai today. Local authorities advise caution.,1
Leaked documents show that the meteor strike in Jakarta was predicted in a cartoon 10 years ago.,0
Rumor says the landslide in Tokyo was staged by actors to control the population.,0
"Don't trust the news! There was no landslide in Tokyo, it's all a hoax by the media.",0
Meteorological department issues warning for flood in Florida and surrounding areas.,1
Rumor says the zombie virus in Paris was staged by actors to control the population.,0
"Don't trust the news! There was no earthquake in London, it's all a hoax by the media.",0
Local reports claim a giant sea monster caused the government hoax in London!,0
Officials confirm at least 149 injured after tornado struck Tokyo last night.,1
Conspiracy theory: The explosion in London was simulated using CGI.,0
Warning: hurricane in Beijing will destroy the entire continent by tomorrow! Run!,0
Local reports claim a giant sea monster caused the meteor strike in California!,0
Rumor says the volcanic eruption in Florida was staged by actors to control the population.,0
"Don't trust the news! There was no monster attack in Paris, it's all a hoax by the media.",0
Rumor says the wildfire in London was staged by actors to control the population.,0
Conspiracy theory: The wildfire in New York was simulated using CGI.,0
Warning: alien invasion in Mumbai will destroy the entire continent by tomorrow! Run!,0
URGENT: Drinking bleach cures any radiation from the government hoax in Texas!,0
Leaked documents show that the wildfire in Sydney was predicted in a cartoon 10 years ago.,0
Local reports claim a giant sea monster caused the earthquake in Tokyo!,0
Rumor says the landslide in Mumbai was staged by actors to control the population.,0
Local reports claim a giant sea monster caused the alien invasion in Florida!,0
Severe hurricane reported in Tokyo. Emergency services are on the scene.,1
"Official update: flood in Manila has been contained, but recovery efforts continue.",1
"Official update: explosion in Manila has been contained, but recovery efforts continue.",1
Breaking: wildfire has caused widespread damage in California. Evacuation orders in place.,1
Local reports claim a giant sea monster caused the tornado in Texas!,0
SHOCKING video shows government hoax in London was actually caused by aliens! Click here to watch.,0
Leaked documents show that the flood in New York was predicted in a cartoon 10 years ago.,0
Red Cross providing emergency aid to families affected by earthquake in Texas.,1
Local reports claim a giant sea monster caused the zombie virus in Tokyo!,0
Search and rescue teams dispatched to London following a sudden hurricane.,1
"Don't trust the news! There was no government hoax in Texas, it's all a hoax by the media.",0
Power outages and transport disruptions reported in California due to ongoing earthquake.,1
Red Cross providing emergency aid to families affected by cyclone in Manila.,1
Severe earthquake reported in London. Emergency services are on the scene.,1
Leaked documents show that the tornado in Paris was predicted in a cartoon 10 years ago.,0
Search and rescue teams dispatched to Beijing following a sudden earthquake.,1
Severe landslide reported in Beijing. Emergency services are on the scene.,1
Casualties feared after a major explosion occurred in Mumbai early this morning.,1
Leaked documents show that the flood in Beijing was predicted in a cartoon 10 years ago.,0
UNBELIEVABLE: Government secret weapon caused the monster attack in Texas!,0
"Official update: landslide in Mumbai has been contained, but recovery efforts continue.",1
Meteorological department issues warning for flood in California and surrounding areas.,1
"Don't trust the news! There was no wildfire in California, it's all a hoax by the media.",0
Leaked documents show that the zombie virus in Mumbai was predicted in a cartoon 10 years ago.,0
"Don't trust the news! There was no earthquake in Paris, it's all a hoax by the media.",0
Red Cross providing emergency aid to families affected by landslide in London.,1
Conspiracy theory: The hurricane in Beijing was simulated using CGI.,0
Warning: monster attack in Mumbai will destroy the entire continent by tomorrow! Run!,0
Officials confirm at least 110 injured after flood struck Sydney last night.,1
Local reports claim a giant sea monster caused the hurricane in Paris!,0
A magnitude 6.6 wildfire hit Texas today. Local authorities advise caution.,1
Rumor says the hurricane in Texas was staged by actors to control the population.,0
Leaked documents show that the zombie virus in Jakarta was predicted in a cartoon 10 years ago.,0
Rumor says the meteor strike in California was staged by actors to control the population.,0
Breaking: cyclone has caused widespread damage in Jakarta. Evacuation orders in place.,1
Rumor says the flood in Jakarta was staged by actors to control the population.,0
Alert! Zombie outbreak reported after the explosion in Manila. Spread this!,0
Power outages and transport disruptions reported in Mumbai due to ongoing tornado.,1
Officials confirm at least 91 injured after cyclone struck Sydney last night.,1
"Don't trust the news! There was no flood in Paris, it's all a hoax by the media.",0
Search and rescue teams dispatched to Manila following a sudden tornado.,1
Red Cross providing emergency aid to families affected by earthquake in London.,1
SHOCKING video shows earthquake in Texas was actually caused by aliens! Click here to watch.,0
Power outages and transport disruptions reported in Jakarta due to ongoing cyclone.,1
Breaking: cyclone has caused widespread damage in Beijing. Evacuation orders in place.,1
UNBELIEVABLE: Government secret weapon caused the wildfire in Florida!,0
A magnitude 5.3 wildfire hit Tokyo today. Local authorities advise caution.,1
Red Cross providing emergency aid to families affected by earthquake in Mumbai.,1
SHOCKING video shows hurricane in Paris was actually caused by aliens! Click here to watch.,0
Warning: landslide in Manila will destroy the entire continent by tomorrow! Run!,0
Casualties feared after a major earthquake occurred in Paris early this morning.,1
Meteorological department issues warning for landslide in Sydney and surrounding areas.,1
Local reports claim a giant sea monster caused the earthquake in Florida!,0
Meteorological department issues warning for earthquake in Jakarta and surrounding areas.,1
URGENT: Drinking bleach cures any radiation from the meteor strike in London!,0
Leaked documents show that the volcanic eruption in London was predicted in a cartoon 10 years ago.,0
Alert! Zombie outbreak reported after the monster attack in Beijing. Spread this!,0
Search and rescue teams dispatched to Tokyo following a sudden landslide.,1
URGENT: Drinking bleach cures any radiation from the volcanic eruption in Beijing!,0
"Don't trust the news! There was no explosion in Jakarta, it's all a hoax by the media.",0
Local reports claim a giant sea monster caused the alien invasion in Sydney!,0
UNBELIEVABLE: Government secret weapon caused the explosion in Texas!,0
Red Cross providing emergency aid to families affected by earthquake in Florida.,1
Leaked documents show that the earthquake in Paris was predicted in a cartoon 10 years ago.,0
Rumor says the volcanic eruption in Paris was staged by actors to control the population.,0
Warning: earthquake in Mumbai will destroy the entire continent by tomorrow! Run!,0
UNBELIEVABLE: Government secret weapon caused the government hoax in Beijing!,0
URGENT: Drinking bleach cures any radiation from the landslide in Beijing!,0
"Official update: hurricane in Mumbai has been contained, but recovery efforts continue.",1
"Don't trust the news! There was no tornado in Jakarta, it's all a hoax by the media.",0
"Official update: wildfire in Florida has been contained, but recovery efforts continue.",1
Casualties feared after a major cyclone occurred in Manila early this morning.,1
Leaked documents show that the earthquake in Florida was predicted in a cartoon 10 years ago.,0
Officials confirm at least 131 injured after hurricane struck London last night.,1
Power outages and transport disruptions reported in Tokyo due to ongoing landslide.,1
URGENT: Drinking bleach cures any radiation from the hurricane in Texas!,0
Local reports claim a giant sea monster caused the explosion in London!,0
Warning: volcanic eruption in Paris will destroy the entire continent by tomorrow! Run!,0
Alert! Zombie outbreak reported after the tornado in London. Spread this!,0
Power outages and transport disruptions reported in Jakarta due to ongoing cyclone.,1
UNBELIEVABLE: Government secret weapon caused the alien invasion in Sydney!,0
Alert! Zombie outbreak reported after the monster attack in Florida. Spread this!,0
Casualties feared after a major hurricane occurred in Jakarta early this morning.,1
Casualties feared after a major earthquake occurred in Sydney early this morning.,1
Power outages and transport disruptions reported in California due to ongoing landslide.,1
"Official update: flood in Jakarta has been contained, but recovery efforts continue.",1
Red Cross providing emergency aid to families affected by flood in Mumbai.,1
Breaking: landslide has caused widespread damage in California. Evacuation orders in place.,1
URGENT: Drinking bleach cures any radiation from the explosion in Manila!,0
Severe tornado reported in Jakarta. Emergency services are on the scene.,1
URGENT: Drinking bleach cures any radiation from the landslide in Paris!,0
"Don't trust the news! There was no zombie virus in Mumbai, it's all a hoax by the media.",0
Conspiracy theory: The landslide in Paris was simulated using CGI.,0
Alert! Zombie outbreak reported after the monster attack in Mumbai. Spread this!,0
Red Cross providing emergency aid to families affected by flood in Beijing.,1
"Official update: landslide in Mumbai has been contained, but recovery efforts continue.",1
Conspiracy theory: The tornado in Tokyo was simulated using CGI.,0
Warning: meteor strike in Paris will destroy the entire continent by tomorrow! Run!,0
Conspiracy theory: The tornado in Paris was simulated using CGI.,0
Officials confirm at least 47 injured after tornado struck London last night.,1
A magnitude 6.9 hurricane hit Sydney today. Local authorities advise caution.,1
Alert! Zombie outbreak reported after the government hoax in Florida. Spread this!,0
"Don't trust the news! There was no alien invasion in Texas, it's all a hoax by the media.",0
URGENT: Drinking bleach cures any radiation from the earthquake in California!,0
Officials confirm at least 98 injured after cyclone struck Texas last night.,1
A magnitude 5.1 flood hit Paris today. Local authorities advise caution.,1
Officials confirm at least 107 injured after cyclone struck Beijing last night.,1
Search and rescue teams dispatched to London following a sudden landslide.,1
Search and rescue teams dispatched to California following a sudden landslide.,1
Local reports claim a giant sea monster caused the meteor strike in Beijing!,0
Search and rescue teams dispatched to Tokyo following a sudden landslide.,1
Red Cross providing emergency aid to families affected by tornado in London.,1
Warning: alien invasion in Jakarta will destroy the entire continent by tomorrow! Run!,0
"Official update: earthquake in Tokyo has been contained, but recovery efforts continue.",1
Search and rescue teams dispatched to London following a sudden cyclone.,1
UNBELIEVABLE: Government secret weapon caused the hurricane in Jakarta!,0
Severe explosion reported in London. Emergency services are on the scene.,1
Rumor says the cyclone in New York was staged by actors to control the population.,0
A magnitude 6.5 tornado hit California today. Local authorities advise caution.,1
Leaked documents show that the explosion in New York was predicted in a cartoon 10 years ago.,0
UNBELIEVABLE: Government secret weapon caused the tornado in Tokyo!,0
A magnitude 5.9 landslide hit California today. Local authorities advise caution.,1
Meteorological department issues warning for cyclone in Manila and surrounding areas.,1
URGENT: Drinking bleach cures any radiation from the tornado in Paris!,0
Casualties feared after a major wildfire occurred in Manila early this morning.,1
Alert! Zombie outbreak reported after the volcanic eruption in New York. Spread this!,0
Local reports claim a giant sea monster caused the government hoax in Manila!,0
A magnitude 6.3 explosion hit Beijing today. Local authorities advise caution.,1
Alert! Zombie outbreak reported after the zombie virus in Mumbai. Spread this!,0
Local reports claim a giant sea monster caused the government hoax in Sydney!,0
Leaked documents show that the meteor strike in London was predicted in a cartoon 10 years ago.,0
Meteorological department issues warning for landslide in Paris and surrounding areas.,1
Officials confirm at least 87 injured after tornado struck Florida last night.,1
Rumor says the meteor strike in New York was staged by actors to control the population.,0
Officials confirm at least 57 injured after hurricane struck Manila last night.,1
"Official update: tornado in Sydney has been contained, but recovery efforts continue.",1
"Don't trust the news! There was no tornado in Texas, it's all a hoax by the media.",0
SHOCKING video shows zombie virus in New York was actually caused by aliens! Click here to watch.,0
SHOCKING video shows meteor strike in Tokyo was actually caused by aliens! Click here to watch.,0
URGENT: Drinking bleach cures any radiation from the tornado in Florida!,0
SHOCKING video shows zombie virus in New York was actually caused by aliens! Click here to watch.,0
A magnitude 6.6 explosion hit Paris today. Local authorities advise caution.,1
Search and rescue teams dispatched to Manila following a sudden landslide.,1
Power outages and transport disruptions reported in Texas due to ongoing hurricane.,1
URGENT: Drinking bleach cures any radiation from the hurricane in Beijing!,0
Rumor says the tornado in Manila was staged by actors to control the population.,0
Casualties feared after a major cyclone occurred in Beijing early this morning.,1
Power outages and transport disruptions reported in Manila due to ongoing cyclone.,1
Severe hurricane reported in New York. Emergency services are on the scene.,1
Meteorological department issues warning for wildfire in Florida and surrounding areas.,1
"Official update: hurricane in California has been contained, but recovery efforts continue.",1
"Official update: earthquake in Tokyo has been contained, but recovery efforts continue.",1
Conspiracy theory: The wildfire in Sydney was simulated using CGI.,0
UNBELIEVABLE: Government secret weapon caused the wildfire in New York!,0
Local reports claim a giant sea monster caused the government hoax in New York!,0
"Official update: landslide in Texas has been contained, but recovery efforts continue.",1
Alert! Zombie outbreak reported after the alien invasion in Tokyo. Spread this!,0
UNBELIEVABLE: Government secret weapon caused the monster attack in Paris!,0
Casualties feared after a major tornado occurred in Texas early this morning.,1
Alert! Zombie outbreak reported after the meteor strike in Tokyo. Spread this!,0
Search and rescue teams dispatched to London following a sudden wildfire.,1
Breaking: flood has caused widespread damage in Sydney. Evacuation orders in place.,1
"Don't trust the news! There was no zombie virus in Manila, it's all a hoax by the media.",0
Local reports claim a giant sea monster caused the zombie virus in Texas!,0
UNBELIEVABLE: Government secret weapon caused the tornado in London!,0
Casualties feared after a major tornado occurred in Beijing early this morning.,1
Meteorological department issues warning for explosion in Manila and surrounding areas.,1
Local reports claim a giant sea monster caused the meteor strike in Texas!,0
Warning: wildfire in Texas will destroy the entire continent by tomorrow! Run!,0
"Don't trust the news! There was no wildfire in California, it's all a hoax by the media.",0
UNBELIEVABLE: Government secret weapon caused the meteor strike in Manila!,0
URGENT: Drinking bleach cures any radiation from the meteor strike in Manila!,0
Conspiracy theory: The tornado in California was simulated using CGI.,0
Officials confirm at least 62 injured after hurricane struck London last night.,1
Casualties feared after a major explosion occurred in Manila early this morning.,1
Rumor says the zombie virus in Sydney was staged by actors to control the population.,0
SHOCKING video shows alien invasion in Texas was actually caused by aliens! Click here to watch.,0
Breaking: wildfire has caused widespread damage in New York. Evacuation orders in place.,1
"Don't trust the news! There was no hurricane in Florida, it's all a hoax by the media.",0
Warning: monster attack in London will destroy the entire continent by tomorrow! Run!,0
Rumor says the wildfire in California was staged by actors to control the population.,0
Leaked documents show that the meteor strike in Jakarta was predicted in a cartoon 10 years ago.,0
Conspiracy theory: The explosion in Florida was simulated using CGI.,0
Power outages and transport disruptions reported in Beijing due to ongoing hurricane.,1
"Don't trust the news! There was no tornado in Jakarta, it's all a hoax by the media.",0
Power outages and transport disruptions reported in Tokyo due to ongoing hurricane.,1
Conspiracy theory: The flood in Florida was simulated using CGI.,0
Breaking: explosion has caused widespread damage in Paris. Evacuation orders in place.,1
Meteorological department issues warning for wildfire in Tokyo and surrounding areas.,1
Officials confirm at least 34 injured after explosion struck Manila last night.,1
A magnitude 8.3 earthquake hit Tokyo today. Local authorities advise caution.,1
Warning: flood in London will destroy the entire continent by tomorrow! Run!,0
Casualties feared after a major flood occurred in Sydney early this morning.,1
URGENT: Drinking bleach cures any radiation from the flood in Tokyo!,0
Casualties feared after a major tornado occurred in Texas early this morning.,1
Severe tornado reported in Paris. Emergency services are on the scene.,1
Casualties feared after a major cyclone occurred in Tokyo early this morning.,1
URGENT: Drinking bleach cures any radiation from the zombie virus in Tokyo!,0
UNBELIEVABLE: Government secret weapon caused the wildfire in Tokyo!,0
Severe cyclone reported in Manila. Emergency services are on the scene.,1
Conspiracy theory: The landslide in Florida was simulated using CGI.,0
"Don't trust the news! There was no alien invasion in Beijing, it's all a hoax by the media.",0
Casualties feared after a major hurricane occurred in Manila early this morning.,1
Meteorological department issues warning for landslide in New York and surrounding areas.,1
Local reports claim a giant sea monster caused the zombie virus in Tokyo!,0
Alert! Zombie outbreak reported after the wildfire in Tokyo. Spread this!,0
Breaking: flood has caused widespread damage in Texas. Evacuation orders in place.,1
Rumor says the government hoax in Beijing was staged by actors to control the population.,0
Local reports claim a giant sea monster caused the monster attack in New York!,0
Conspiracy theory: The cyclone in Beijing was simulated using CGI.,0
Casualties feared after a major flood occurred in Paris early this morning.,1
Leaked documents show that the landslide in California was predicted in a cartoon 10 years ago.,0
UNBELIEVABLE: Government secret weapon caused the tornado in Sydney!,0
Warning: landslide in Tokyo will destroy the entire continent by tomorrow! Run!,0
Officials confirm at least 59 injured after wildfire struck Florida last night.,1
URGENT: Drinking bleach cures any radiation from the monster attack in Mumbai!,0
Search and rescue teams dispatched to Texas following a sudden flood.,1
Leaked documents show that the explosion in Manila was predicted in a cartoon 10 years ago.,0
A magnitude 7.9 flood hit Manila today. Local authorities advise caution.,1
UNBELIEVABLE: Government secret weapon caused the volcanic eruption in Sydney!,0
Meteorological department issues warning for earthquake in Manila and surrounding areas.,1
URGENT: Drinking bleach cures any radiation from the landslide in London!,0
Leaked documents show that the volcanic eruption in Sydney was predicted in a cartoon 10 years ago.,0
Leaked documents show that the hurricane in Tokyo was predicted in a cartoon 10 years ago.,0
Power outages and transport disruptions reported in New York due to ongoing cyclone.,1
Breaking: wildfire has caused widespread damage in Beijing. Evacuation orders in place.,1
Local reports claim a giant sea monster caused the landslide in New York!,0
"Don't trust the news! There was no monster attack in California, it's all a hoax by the media.",0
Officials confirm at least 99 injured after tornado struck Tokyo last night.,1
Rumor says the government hoax in Tokyo was staged by actors to control the population.,0
Breaking: earthquake has caused widespread damage in Florida. Evacuation orders in place.,1
Breaking: hurricane has caused widespread damage in Beijing. Evacuation orders in place.,1
Conspiracy theory: The wildfire in California was simulated using CGI.,0
SHOCKING video shows tornado in Texas was actually caused by aliens! Click here to watch.,0
Breaking: cyclone has caused widespread damage in Texas. Evacuation orders in place.,1
URGENT: Drinking bleach cures any radiation from the government hoax in Beijing!,0
Officials confirm at least 71 injured after flood struck Tokyo last night.,1
"Don't trust the news! There was no zombie virus in Beijing, it's all a hoax by the media.",0
SHOCKING video shows earthquake in Florida was actually caused by aliens! Click here to watch.,0
Warning: hurricane in New York will destroy the entire continent by tomorrow! Run!,0
Search and rescue teams dispatched to Tokyo following a sudden wildfire.,1
Rumor says the explosion in Beijing was staged by actors to control the population.,0
SHOCKING video shows cyclone in Tokyo was actually caused by aliens! Click here to watch.,0
Meteorological department issues warning for flood in New York and surrounding areas.,1
Warning: government hoax in Jakarta will destroy the entire continent by tomorrow! Run!,0
"Don't trust the news! There was no explosion in Jakarta, it's all a hoax by the media.",0
Officials confirm at least 87 injured after earthquake struck Manila last night.,1
Warning: hurricane in Jakarta will destroy the entire continent by tomorrow! Run!,0
Breaking: hurricane has caused widespread damage in London. Evacuation orders in place.,1
Conspiracy theory: The tornado in Texas was simulated using CGI.,0
UNBELIEVABLE: Government secret weapon caused the government hoax in New York!,0
"Official update: flood in Beijing has been contained, but recovery efforts continue.",1
"Official update: flood in Tokyo has been contained, but recovery efforts continue.",1
Meteorological department issues warning for explosion in Mumbai and surrounding areas.,1
Power outages and transport disruptions reported in Florida due to ongoing earthquake.,1
Warning: monster attack in Manila will destroy the entire continent by tomorrow! Run!,0
Conspiracy theory: The hurricane in New York was simulated using CGI.,0
"Official update: explosion in Manila has been contained, but recovery efforts continue.",1
Leaked documents show that the meteor strike in Florida was predicted in a cartoon 10 years ago.,0
Conspiracy theory: The government hoax in London was simulated using CGI.,0
Officials confirm at least 112 injured after wildfire struck Paris last night.,1
Rumor says the earthquake in California was staged by actors to control the population.,0
SHOCKING video shows hurricane in Beijing was actually caused by aliens! Click here to watch.,0
Conspiracy theory: The landslide in Tokyo was simulated using CGI.,0
"Official update: cyclone in Paris has been contained, but recovery efforts continue.",1
Officials confirm at least 21 injured after wildfire struck Mumbai last night.,1
URGENT: Drinking bleach cures any radiation from the government hoax in California!,0
Leaked documents show that the hurricane in London was predicted in a cartoon 10 years ago.,0
Rumor says the zombie virus in California was staged by actors to control the population.,0
Alert! Zombie outbreak reported after the explosion in Manila. Spread this!,0
Conspiracy theory: The flood in Jakarta was simulated using CGI.,0
Casualties feared after a major flood occurred in Mumbai early this morning.,1
Severe hurricane reported in Paris. Emergency services are on the scene.,1
Local reports claim a giant sea monster caused the meteor strike in California!,0
Officials confirm at least 91 injured after hurricane struck Mumbai last night.,1
Breaking: hurricane has caused widespread damage in London. Evacuation orders in place.,1
URGENT: Drinking bleach cures any radiation from the meteor strike in Sydney!,0
Officials confirm at least 112 injured after flood struck Manila last night.,1
Conspiracy theory: The hurricane in New York was simulated using CGI.,0
Search and rescue teams dispatched to Florida following a sudden hurricane.,1
"Official update: explosion in Beijing has been contained, but recovery efforts continue.",1
Local reports claim a giant sea monster caused the landslide in Tokyo!,0
Power outages and transport disruptions reported in Paris due to ongoing explosion.,1
Breaking: cyclone has caused widespread damage in Beijing. Evacuation orders in place.,1
Search and rescue teams dispatched to New York following a sudden wildfire.,1
Local reports claim a giant sea monster caused the flood in Beijing!,0
URGENT: Drinking bleach cures any radiation from the landslide in Beijing!,0
"Official update: tornado in Tokyo has been contained, but recovery efforts continue.",1
Red Cross providing emergency aid to families affected by wildfire in Paris.,1
SHOCKING video shows monster attack in Mumbai was actually caused by aliens! Click here to watch.,0
Severe cyclone reported in New York. Emergency services are on the scene.,1
Officials confirm at least 92 injured after landslide struck Jakarta last night.,1
Local reports claim a giant sea monster caused the cyclone in Texas!,0
Casualties feared after a major cyclone occurred in California early this morning.,1
Breaking: earthquake has caused widespread damage in Sydney. Evacuation orders in place.,1
Red Cross providing emergency aid to families affected by cyclone in Manila.,1
Officials confirm at least 71 injured after explosion struck Manila last night.,1
Conspiracy theory: The explosion in Tokyo was simulated using CGI.,0
SHOCKING video shows zombie virus in Texas was actually caused by aliens! Click here to watch.,0
Alert! Zombie outbreak reported after the wildfire in Mumbai. Spread this!,0
URGENT: Drinking bleach cures any radiation from the meteor strike in Manila!,0
Warning: monster attack in Florida will destroy the entire continent by tomorrow! Run!,0
UNBELIEVABLE: Government secret weapon caused the tornado in London!,0
Alert! Zombie outbreak reported after the tornado in Paris. Spread this!,0
A magnitude 7.2 cyclone hit Manila today. Local authorities advise caution.,1
Casualties feared after a major cyclone occurred in Sydney early this morning.,1
"Official update: cyclone in Jakarta has been contained, but recovery efforts continue.",1
Officials confirm at least 128 injured after cyclone struck Sydney last night.,1
SHOCKING video shows government hoax in Sydney was actually caused by aliens! Click here to watch.,0
Conspiracy theory: The landslide in California was simulated using CGI.,0
Rumor says the flood in New York was staged by actors to control the population.,0
UNBELIEVABLE: Government secret weapon caused the earthquake in Beijing!,0
Leaked documents show that the hurricane in Sydney was predicted in a cartoon 10 years ago.,0
"Don't trust the news! There was no monster attack in Beijing, it's all a hoax by the media.",0
Power outages and transport disruptions reported in Sydney due to ongoing hurricane.,1
URGENT: Drinking bleach cures any radiation from the tornado in California!,0
A magnitude 6.8 cyclone hit Paris today. Local authorities advise caution.,1
Severe landslide reported in Manila. Emergency services are on the scene.,1
Local reports claim a giant sea monster caused the volcanic eruption in Tokyo!,0
Officials confirm at least 34 injured after flood struck Paris last night.,1
Conspiracy theory: The government hoax in Manila was simulated using CGI.,0
Red Cross providing emergency aid to families affected by flood in Mumbai.,1
"Official update: tornado in Jakarta has been contained, but recovery efforts continue.",1
Power outages and transport disruptions reported in Manila due to ongoing earthquake.,1
Severe wildfire reported in Sydney. Emergency services are on the scene.,1
Leaked documents show that the zombie virus in London was predicted in a cartoon 10 years ago.,0
SHOCKING video shows meteor strike in Beijing was actually caused by aliens! Click here to watch.,0
SHOCKING video shows earthquake in London was actually caused by aliens! Click here to watch.,0
Meteorological department issues warning for wildfire in Tokyo and surrounding areas.,1
Power outages and transport disruptions reported in Tokyo due to ongoing tornado.,1
Officials confirm at least 49 injured after tornado struck Mumbai last night.,1
Conspiracy theory: The alien invasion in Texas was simulated using CGI.,0
A magnitude 8.2 landslide hit London today. Local authorities advise caution.,1
"Don't trust the news! There was no volcanic eruption in California, it's all a hoax by the media.",0
A magnitude 7.7 wildfire hit Florida today. Local authorities advise caution.,1
"Official update: flood in Tokyo has been contained, but recovery efforts continue.",1
Rumor says the monster attack in Texas was staged by actors to control the population.,0
Leaked documents show that the cyclone in Tokyo was predicted in a cartoon 10 years ago.,0
Alert! Zombie outbreak reported after the hurricane in California. Spread this!,0
Red Cross providing emergency aid to families affected by explosion in Paris.,1
Search and rescue teams dispatched to Paris following a sudden wildfire.,1
Officials confirm at least 122 injured after wildfire struck Mumbai last night.,1
Conspiracy theory: The earthquake in Mumbai was simulated using CGI.,0
Officials confirm at least 105 injured after flood struck New York last night.,1
Alert! Zombie outbreak reported after the hurricane in Mumbai. Spread this!,0
Search and rescue teams dispatched to California following a sudden explosion.,1
"Don't trust the news! There was no government hoax in Tokyo, it's all a hoax by the media.",0
Local reports claim a giant sea monster caused the meteor strike in Beijing!,0
SHOCKING video shows alien invasion in Mumbai was actually caused by aliens! Click here to watch.,0
Warning: cyclone in Texas will destroy the entire continent by tomorrow! Run!,0
Warning: flood in Paris will destroy the entire continent by tomorrow! Run!,0
Red Cross providing emergency aid to families affected by flood in Mumbai.,1
URGENT: Drinking bleach cures any radiation from the zombie virus in Manila!,0
"Official update: wildfire in Mumbai has been contained, but recovery efforts continue.",1
Breaking: tornado has caused widespread damage in Mumbai. Evacuation orders in place.,1
Officials confirm at least 44 injured after landslide struck Paris last night.,1
SHOCKING video shows explosion in Beijing was actually caused by aliens! Click here to watch.,0
"Don't trust the news! There was no tornado in Florida, it's all a hoax by the media.",0
Local reports claim a giant sea monster caused the landslide in Manila!,0
Conspiracy theory: The government hoax in Paris was simulated using CGI.,0
Rumor says the explosion in Manila was staged by actors to control the population.,0
Search and rescue teams dispatched to Mumbai following a sudden explosion.,1
"Don't trust the news! There was no cyclone in New York, it's all a hoax by the media.",0
Red Cross providing emergency aid to families affected by wildfire in Florida.,1
Warning: landslide in London will destroy the entire continent by tomorrow! Run!,0
Alert! Zombie outbreak reported after the volcanic eruption in Jakarta. Spread this!,0
URGENT: Drinking bleach cures any radiation from the wildfire in Mumbai!,0
Severe hurricane reported in Paris. Emergency services are on the scene.,1
Severe wildfire reported in Florida. Emergency services are on the scene.,1
"Official update: landslide in Texas has been contained, but recovery efforts continue.",1
"Don't trust the news! There was no wildfire in Paris, it's all a hoax by the media.",0
Casualties feared after a major landslide occurred in London early this morning.,1
Alert! Zombie outbreak reported after the explosion in Tokyo. Spread this!,0
SHOCKING video shows explosion in California was actually caused by aliens! Click here to watch.,0
SHOCKING video shows meteor strike in Texas was actually caused by aliens! Click here to watch.,0
Search and rescue teams dispatched to Paris following a sudden explosion.,1
UNBELIEVABLE: Government secret weapon caused the government hoax in Beijing!,0
A magnitude 7.7 cyclone hit Manila today. Local authorities advise caution.,1
Officials confirm at least 20 injured after hurricane struck Paris last night.,1
"Official update: hurricane in Texas has been contained, but recovery efforts continue.",1
Rumor says the flood in Mumbai was staged by actors to control the population.,0
Conspiracy theory: The zombie virus in Texas was simulated using CGI.,0
Meteorological department issues warning for cyclone in Sydney and surrounding areas.,1
Meteorological department issues warning for explosion in Sydney and surrounding areas.,1
Conspiracy theory: The cyclone in New York was simulated using CGI.,0
Power outages and transport disruptions reported in Manila due to ongoing cyclone.,1
Search and rescue teams dispatched to New York following a sudden cyclone.,1
A magnitude 6.5 earthquake hit Beijing today. Local authorities advise caution.,1
Local reports claim a giant sea monster caused the hurricane in Jakarta!,0
UNBELIEVABLE: Government secret weapon caused the monster attack in California!,0
UNBELIEVABLE: Government secret weapon caused the meteor strike in Mumbai!,0
Breaking: wildfire has caused widespread damage in New York. Evacuation orders in place.,1
UNBELIEVABLE: Government secret weapon caused the meteor strike in Sydney!,0
Breaking: flood has caused widespread damage in Sydney. Evacuation orders in place.,1
Casualties feared after a major explosion occurred in Mumbai early this morning.,1
Casualties feared after a major explosion occurred in Mumbai early this morning.,1
SHOCKING video shows tornado in California was actually caused by aliens! Click here to watch.,0
Local reports claim a giant sea monster caused the landslide in Mumbai!,0
SHOCKING video shows wildfire in Tokyo was actually caused by aliens! Click here to watch.,0
Severe landslide reported in New York. Emergency services are on the scene.,1
Officials confirm at least 97 injured after explosion struck Florida last night.,1
Leaked documents show that the explosion in Jakarta was predicted in a cartoon 10 years ago.,0
Alert! Zombie outbreak reported after the zombie virus in Manila. Spread this!,0
Alert! Zombie outbreak reported after the cyclone in California. Spread this!,0
Alert! Zombie outbreak reported after the zombie virus in Sydney. Spread this!,0
Casualties feared after a major wildfire occurred in New York early this morning.,1
Leaked documents show that the wildfire in London was predicted in a cartoon 10 years ago.,0
Warning: government hoax in Mumbai will destroy the entire continent by tomorrow! Run!,0
Meteorological department issues warning for hurricane in Tokyo and surrounding areas.,1
Red Cross providing emergency aid to families affected by tornado in Paris.,1
SHOCKING video shows tornado in Sydney was actually caused by aliens! Click here to watch.,0
Severe hurricane reported in New York. Emergency services are on the scene.,1
Meteorological department issues warning for explosion in Manila and surrounding areas.,1
Red Cross providing emergency aid to families affected by explosion in Paris.,1
Red Cross providing emergency aid to families affected by landslide in New York.,1
Officials confirm at least 26 injured after hurricane struck New York last night.,1
Conspiracy theory: The landslide in Florida was simulated using CGI.,0
Leaked documents show that the government hoax in Mumbai was predicted in a cartoon 10 years ago.,0
Search and rescue teams dispatched to Tokyo following a sudden flood.,1
Officials confirm at least 149 injured after flood struck Mumbai last night.,1
Leaked documents show that the monster attack in Sydney was predicted in a cartoon 10 years ago.,0
Power outages and transport disruptions reported in California due to ongoing landslide.,1
Officials confirm at least 24 injured after explosion struck California last night.,1
Local reports claim a giant sea monster caused the wildfire in Sydney!,0
A magnitude 6.8 earthquake hit Mumbai today. Local authorities advise caution.,1
Casualties feared after a major wildfire occurred in Tokyo early this morning.,1
Alert! Zombie outbreak reported after the zombie virus in Paris. Spread this!,0
Local reports claim a giant sea monster caused the landslide in Paris!,0
Officials confirm at least 19 injured after hurricane struck New York last night.,1
Breaking: flood has caused widespread damage in Tokyo. Evacuation orders in place.,1
UNBELIEVABLE: Government secret weapon caused the government hoax in New York!,0
Power outages and transport disruptions reported in Paris due to ongoing flood.,1
URGENT: Drinking bleach cures any radiation from the meteor strike in Texas!,0
Casualties feared after a major cyclone occurred in Beijing early this morning.,1
Local reports claim a giant sea monster caused the meteor strike in California!,0
Local reports claim a giant sea monster caused the explosion in Jakarta!,0
Rumor says the tornado in Paris was staged by actors to control the population.,0
"Official update: flood in Manila has been contained, but recovery efforts continue.",1
Officials confirm at least 87 injured after earthquake struck Tokyo last night.,1
Power outages and transport disruptions reported in Mumbai due to ongoing wildfire.,1
Rumor says the monster attack in Texas was staged by actors to control the population.,0
"Don't trust the news! There was no government hoax in Manila, it's all a hoax by the media.",0
Officials confirm at least 54 injured after landslide struck Jakarta last night.,1
Casualties feared after a major landslide occurred in Beijing early this morning.,1
Officials confirm at least 23 injured after landslide struck Tokyo last night.,1
Local reports claim a giant sea monster caused the hurricane in Texas!,0
"Official update: landslide in Mumbai has been contained, but recovery efforts continue.",1
Search and rescue teams dispatched to Tokyo following a sudden flood.,1
Power outages and transport disruptions reported in London due to ongoing explosion.,1
Warning: cyclone in Sydney will destroy the entire continent by tomorrow! Run!,0
"Official update: wildfire in Mumbai has been contained, but recovery efforts continue.",1
Red Cross providing emergency aid to families affected by earthquake in Mumbai.,1
Meteorological department issues warning for landslide in Mumbai and surrounding areas.,1
Search and rescue teams dispatched to Florida following a sudden hurricane.,1
Warning: alien invasion in Manila will destroy the entire continent by tomorrow! Run!,0
SHOCKING video shows zombie virus in California was actually caused by aliens! Click here to watch.,0
SHOCKING video shows wildfire in London was actually caused by aliens! Click here to watch.,0
Leaked documents show that the zombie virus in Mumbai was predicted in a cartoon 10 years ago.,0
Severe explosion reported in London. Emergency services are on the scene.,1
UNBELIEVABLE: Government secret weapon caused the alien invasion in Beijing!,0
Casualties feared after a major wildfire occurred in Sydney early this morning.,1
Meteorological department issues warning for landslide in California and surrounding areas.,1
Officials confirm at least 86 injured after tornado struck Paris last night.,1
Warning: wildfire in Paris will destroy the entire continent by tomorrow! Run!,0
Casualties feared after a major landslide occurred in Texas early this morning.,1
Power outages and transport disruptions reported in Sydney due to ongoing landslide.,1
Power outages and transport disruptions reported in New York due to ongoing landslide.,1
Breaking: earthquake has caused widespread damage in Texas. Evacuation orders in place.,1
Search and rescue teams dispatched to Paris following a sudden tornado.,1
Power outages and transport disruptions reported in Texas due to ongoing earthquake.,1
"Don't trust the news! There was no earthquake in Tokyo, it's all a hoax by the media.",0
Search and rescue teams dispatched to New York following a sudden flood.,1
Leaked documents show that the earthquake in Tokyo was predicted in a cartoon 10 years ago.,0
"Official update: explosion in Sydney has been contained, but recovery efforts continue.",1
Power outages and transport disruptions reported in California due to ongoing cyclone.,1
UNBELIEVABLE: Government secret weapon caused the wildfire in Beijing!,0
Breaking: earthquake has caused widespread damage in London. Evacuation orders in place.,1
Conspiracy theory: The government hoax in Jakarta was simulated using CGI.,0
Power outages and transport disruptions reported in London due to ongoing cyclone.,1
SHOCKING video shows flood in Paris was actually caused by aliens! Click here to watch.,0
UNBELIEVABLE: Government secret weapon caused the cyclone in Manila!,0
Search and rescue teams dispatched to Manila following a sudden cyclone.,1
Officials confirm at least 75 injured after explosion struck London last night.,1
Alert! Zombie outbreak reported after the tornado in Manila. Spread this!,0
Casualties feared after a major tornado occurred in Florida early this morning.,1
Breaking: wildfire has caused widespread damage in Manila. Evacuation orders in place.,1
Casualties feared after a major wildfire occurred in Florida early this morning.,1
Red Cross providing emergency aid to families affected by flood in Beijing.,1
SHOCKING video shows monster attack in Paris was actually caused by aliens! Click here to watch.,0
Local reports claim a giant sea monster caused the monster attack in Sydney!,0
UNBELIEVABLE: Government secret weapon caused the earthquake in Sydney!,0
Local reports claim a giant sea monster caused the landslide in London!,0
Rumor says the wildfire in Beijing was staged by actors to control the population.,0
Search and rescue teams dispatched to New York following a sudden landslide.,1
"Official update: tornado in Beijing has been contained, but recovery efforts continue.",1
Leaked documents show that the tornado in Sydney was predicted in a cartoon 10 years ago.,0
Rumor says the cyclone in Paris was staged by actors to control the population.,0
SHOCKING video shows tornado in Sydney was actually caused by aliens! Click here to watch.,0
Breaking: tornado has caused widespread damage in Tokyo. Evacuation orders in place.,1
Local reports claim a giant sea monster caused the government hoax in London!,0
Casualties feared after a major explosion occurred in California early this morning.,1
"Don't trust the news! There was no explosion in Tokyo, it's all a hoax by the media.",0
Alert! Zombie outbreak reported after the alien invasion in Texas. Spread this!,0
Leaked documents show that the monster attack in Sydney was predicted in a cartoon 10 years ago.,0
Officials confirm at least 95 injured after explosion struck Jakarta last night.,1
Officials confirm at least 149 injured after wildfire struck London last night.,1
Breaking: flood has caused widespread damage in Florida. Evacuation orders in place.,1
Officials confirm at least 124 injured after flood struck Beijing last night.,1
A magnitude 8.4 landslide hit New York today. Local authorities advise caution.,1
UNBELIEVABLE: Government secret weapon caused the explosion in Paris!,0
"Official update: earthquake in Texas has been contained, but recovery efforts continue.",1
Power outages and transport disruptions reported in Mumbai due to ongoing explosion.,1
A magnitude 7.2 explosion hit Beijing today. Local authorities advise caution.,1
A magnitude 5.5 tornado hit New York today. Local authorities advise caution.,1
Local reports claim a giant sea monster caused the cyclone in Jakarta!,0
Casualties feared after a major earthquake occurred in Texas early this morning.,1
Severe hurricane reported in London. Emergency services are on the scene.,1
Alert! Zombie outbreak reported after the earthquake in Beijing. Spread this!,0
Leaked documents show that the government hoax in Texas was predicted in a cartoon 10 years ago.,0
Warning: zombie virus in Beijing will destroy the entire continent by tomorrow! Run!,0
UNBELIEVABLE: Government secret weapon caused the flood in New York!,0
Leaked documents show that the hurricane in Manila was predicted in a cartoon 10 years ago.,0
"Official update: wildfire in Manila has been contained, but recovery efforts continue.",1
SHOCKING video shows flood in New York was actually caused by aliens! Click here to watch.,0
Meteorological department issues warning for flood in Manila and surrounding areas.,1
Alert! Zombie outbreak reported after the cyclone in Mumbai. Spread this!,0
"Don't trust the news! There was no tornado in Jakarta, it's all a hoax by the media.",0
Severe explosion reported in Texas. Emergency services are on the scene.,1
SHOCKING video shows wildfire in Manila was actually caused by aliens! Click here to watch.,0
Power outages and transport disruptions reported in London due to ongoing tornado.,1
Leaked documents show that the hurricane in Texas was predicted in a cartoon 10 years ago.,0
Local reports claim a giant sea monster caused the landslide in Tokyo!,0
SHOCKING video shows flood in Jakarta was actually caused by aliens! Click here to watch.,0
Meteorological department issues warning for cyclone in Paris and surrounding areas.,1
A magnitude 7.1 wildfire hit London today. Local authorities advise caution.,1
Meteorological department issues warning for wildfire in Paris and surrounding areas.,1
"Don't trust the news! There was no monster attack in California, it's all a hoax by the media.",0
Meteorological department issues warning for hurricane in Manila and surrounding areas.,1
Conspiracy theory: The monster attack in Tokyo was simulated using CGI.,0
Leaked documents show that the wildfire in New York was predicted in a cartoon 10 years ago.,0
Red Cross providing emergency aid to families affected by hurricane in London.,1
A magnitude 7.5 tornado hit Manila today. Local authorities advise caution.,1
Search and rescue teams dispatched to Manila following a sudden explosion.,1
URGENT: Drinking bleach cures any radiation from the meteor strike in Tokyo!,0
Leaked documents show that the cyclone in Beijing was predicted in a cartoon 10 years ago.,0
Leaked documents show that the landslide in Jakarta was predicted in a cartoon 10 years ago.,0
Severe flood reported in Texas. Emergency services are on the scene.,1
URGENT: Drinking bleach cures any radiation from the flood in Florida!,0
Local reports claim a giant sea monster caused the flood in Texas!,0
Warning: earthquake in Texas will destroy the entire continent by tomorrow! Run!,0
"Official update: landslide in Jakarta has been contained, but recovery efforts continue.",1
Warning: explosion in Florida will destroy the entire continent by tomorrow! Run!,0
"Don't trust the news! There was no flood in Florida, it's all a hoax by the media.",0
Meteorological department issues warning for earthquake in London and surrounding areas.,1
Power outages and transport disruptions reported in Manila due to ongoing landslide.,1
Rumor says the alien invasion in Tokyo was staged by actors to control the population.,0
Warning: cyclone in Beijing will destroy the entire continent by tomorrow! Run!,0
Search and rescue teams dispatched to Mumbai following a sudden wildfire.,1
Red Cross providing emergency aid to families affected by flood in Paris.,1
Officials confirm at least 120 injured after earthquake struck Sydney last night.,1
Breaking: wildfire has caused widespread damage in Beijing. Evacuation orders in place.,1
Rumor says the wildfire in Sydney was staged by actors to control the population.,0
Power outages and transport disruptions reported in Manila due to ongoing earthquake.,1
Red Cross providing emergency aid to families affected by cyclone in California.,1
"Official update: wildfire in London has been contained, but recovery efforts continue.",1
Severe cyclone reported in Tokyo. Emergency services are on the scene.,1
SHOCKING video shows earthquake in Paris was actually caused by aliens! Click here to watch.,0
UNBELIEVABLE: Government secret weapon caused the monster attack in Manila!,0
Search and rescue teams dispatched to California following a sudden tornado.,1
Warning: cyclone in Mumbai will destroy the entire continent by tomorrow! Run!,0
A magnitude 5.8 flood hit Sydney today. Local authorities advise caution.,1
A magnitude 5.2 wildfire hit New York today. Local authorities advise caution.,1
Conspiracy theory: The government hoax in Paris was simulated using CGI.,0
Alert! Zombie outbreak reported after the hurricane in California. Spread this!,0
A magnitude 5.9 wildfire hit Mumbai today. Local authorities advise caution.,1
UNBELIEVABLE: Government secret weapon caused the cyclone in Paris!,0
Search and rescue teams dispatched to Beijing following a sudden explosion.,1
Red Cross providing emergency aid to families affected by explosion in Texas.,1
Officials confirm at least 31 injured after flood struck London last night.,1
UNBELIEVABLE: Government secret weapon caused the cyclone in Beijing!,0
A magnitude 7.0 landslide hit London today. Local authorities advise caution.,1
Red Cross providing emergency aid to families affected by earthquake in Florida.,1
A magnitude 7.9 hurricane hit Tokyo today. Local authorities advise caution.,1
Meteorological department issues warning for explosion in Paris and surrounding areas.,1
Red Cross providing emergency aid to families affected by landslide in Sydney.,1
Leaked documents show that the monster attack in Manila was predicted in a cartoon 10 years ago.,0
Breaking: hurricane has caused widespread damage in Jakarta. Evacuation orders in place.,1
Severe tornado reported in New York. Emergency services are on the scene.,1
Breaking: wildfire has caused widespread damage in Sydney. Evacuation orders in place.,1
Severe explosion reported in Jakarta. Emergency services are on the scene.,1
Red Cross providing emergency aid to families affected by hurricane in Jakarta.,1
Breaking: landslide has caused widespread damage in Sydney. Evacuation orders in place.,1
Breaking: landslide has caused widespread damage in New York. Evacuation orders in place.,1
Power outages and transport disruptions reported in London due to ongoing cyclone.,1
Conspiracy theory: The zombie virus in California was simulated using CGI.,0
SHOCKING video shows zombie virus in Tokyo was actually caused by aliens! Click here to watch.,0
Officials confirm at least 35 injured after earthquake struck Paris last night.,1
A magnitude 5.5 cyclone hit Paris today. Local authorities advise caution.,1
Power outages and transport disruptions reported in New York due to ongoing earthquake.,1
Casualties feared after a major landslide occurred in Florida early this morning.,1
Local reports claim a giant sea monster caused the explosion in California!,0
Officials confirm at least 90 injured after flood struck Jakarta last night.,1
Severe wildfire reported in London. Emergency services are on the scene.,1
"Official update: earthquake in Manila has been contained, but recovery efforts continue.",1
Warning: zombie virus in Manila will destroy the entire continent by tomorrow! Run!,0
Casualties feared after a major hurricane occurred in Manila early this morning.,1
"Official update: hurricane in California has been contained, but recovery efforts continue.",1
A magnitude 5.2 explosion hit London today. Local authorities advise caution.,1
UNBELIEVABLE: Government secret weapon caused the landslide in Tokyo!,0
Breaking: cyclone has caused widespread damage in Florida. Evacuation orders in place.,1
Conspiracy theory: The hurricane in Beijing was simulated using CGI.,0
Breaking: hurricane has caused widespread damage in Tokyo. Evacuation orders in place.,1
Search and rescue teams dispatched to Sydney following a sudden landslide.,1
Rumor says the earthquake in Paris was staged by actors to control the population.,0
URGENT: Drinking bleach cures any radiation from the cyclone in Paris!,0
URGENT: Drinking bleach cures any radiation from the landslide in Texas!,0
Alert! Zombie outbreak reported after the tornado in Beijing. Spread this!,0
Power outages and transport disruptions reported in Mumbai due to ongoing cyclone.,1
Local reports claim a giant sea monster caused the landslide in Paris!,0
Officials confirm at least 112 injured after explosion struck Beijing last night.,1
"Don't trust the news! There was no government hoax in Tokyo, it's all a hoax by the media.",0
Casualties feared after a major explosion occurred in California early this morning.,1
Breaking: explosion has caused widespread damage in Texas. Evacuation orders in place.,1
Search and rescue teams dispatched to New York following a sudden tornado.,1
Alert! Zombie outbreak reported after the wildfire in Manila. Spread this!,0
Local reports claim a giant sea monster caused the wildfire in Jakarta!,0
Search and rescue teams dispatched to Tokyo following a sudden tornado.,1
Red Cross providing emergency aid to families affected by flood in Beijing.,1
A magnitude 5.1 hurricane hit London today. Local authorities advise caution.,1
Meteorological department issues warning for tornado in Beijing and surrounding areas.,1
UNBELIEVABLE: Government secret weapon caused the monster attack in London!,0
Breaking: cyclone has caused widespread damage in Manila. Evacuation orders in place.,1
Conspiracy theory: The monster attack in Manila was simulated using CGI.,0
Officials confirm at least 98 injured after flood struck Texas last night.,1
Alert! Zombie outbreak reported after the meteor strike in London. Spread this!,0
Alert! Zombie outbreak reported after the flood in Jakarta. Spread this!,0
"Official update: explosion in Tokyo has been contained, but recovery efforts continue.",1
"Don't trust the news! There was no landslide in Tokyo, it's all a hoax by the media.",0
UNBELIEVABLE: Government secret weapon caused the alien invasion in Texas!,0
Alert! Zombie outbreak reported after the flood in Florida. Spread this!,0
"Don't trust the news! There was no tornado in Mumbai, it's all a hoax by the media.",0
SHOCKING video shows landslide in New York was actually caused by aliens! Click here to watch.,0
Leaked documents show that the hurricane in California was predicted in a cartoon 10 years ago.,0
Officials confirm at least 109 injured after wildfire struck California last night.,1
Red Cross providing emergency aid to families affected by landslide in London.,1
SHOCKING video shows alien invasion in Mumbai was actually caused by aliens! Click here to watch.,0
Conspiracy theory: The earthquake in New York was simulated using CGI.,0
SHOCKING video shows tornado in Jakarta was actually caused by aliens! Click here to watch.,0
"Official update: flood in Florida has been contained, but recovery efforts continue.",1
Casualties feared after a major tornado occurred in Florida early this morning.,1
"Don't trust the news! There was no tornado in London, it's all a hoax by the media.",0
Local reports claim a giant sea monster caused the government hoax in Texas!,0
Red Cross providing emergency aid to families affected by flood in London.,1
Leaked documents show that the government hoax in Manila was predicted in a cartoon 10 years ago.,0
Conspiracy theory: The earthquake in Beijing was simulated using CGI.,0
Conspiracy theory: The zombie virus in Manila was simulated using CGI.,0
Severe earthquake reported in Mumbai. Emergency services are on the scene.,1
A magnitude 8.4 cyclone hit Sydney today. Local authorities advise caution.,1
Warning: alien invasion in Beijing will destroy the entire continent by tomorrow! Run!,0
Breaking: earthquake has caused widespread damage in London. Evacuation orders in place.,1
Search and rescue teams dispatched to Sydney following a sudden earthquake.,1
"Don't trust the news! There was no tornado in Jakarta, it's all a hoax by the media.",0
A magnitude 6.2 wildfire hit New York today. Local authorities advise caution.,1
Conspiracy theory: The flood in Florida was simulated using CGI.,0
SHOCKING video shows explosion in Beijing was actually caused by aliens! Click here to watch.,0
Breaking: cyclone has caused widespread damage in Jakarta. Evacuation orders in place.,1
Severe wildfire reported in Manila. Emergency services are on the scene.,1
Leaked documents show that the earthquake in Paris was predicted in a cartoon 10 years ago.,0
Rumor says the government hoax in Florida was staged by actors to control the population.,0
SHOCKING video shows volcanic eruption in London was actually caused by aliens! Click here to watch.,0
Severe wildfire reported in Beijing. Emergency services are on the scene.,1
Conspiracy theory: The wildfire in Jakarta was simulated using CGI.,0
Officials confirm at least 83 injured after wildfire struck Paris last night.,1
Rumor says the monster attack in Mumbai was staged by actors to control the population.,0
Red Cross providing emergency aid to families affected by cyclone in Sydney.,1
Breaking: flood has caused widespread damage in Mumbai. Evacuation orders in place.,1
A magnitude 6.8 landslide hit New York today. Local authorities advise caution.,1
Breaking: landslide has caused widespread damage in Jakarta. Evacuation orders in place.,1
URGENT: Drinking bleach cures any radiation from the landslide in Tokyo!,0
Power outages and transport disruptions reported in California due to ongoing explosion.,1
Rumor says the cyclone in Tokyo was staged by actors to control the population.,0
UNBELIEVABLE: Government secret weapon caused the landslide in Paris!,0
A magnitude 5.6 flood hit Manila today. Local authorities advise caution.,1
Local reports claim a giant sea monster caused the zombie virus in London!,0
Red Cross providing emergency aid to families affected by earthquake in Florida.,1
Power outages and transport disruptions reported in Beijing due to ongoing landslide.,1
Red Cross providing emergency aid to families affected by hurricane in Mumbai.,1
Search and rescue teams dispatched to Sydney following a sudden explosion.,1
Leaked documents show that the alien invasion in Paris was predicted in a cartoon 10 years ago.,0
SHOCKING video shows cyclone in London was actually caused by aliens! Click here to watch.,0
Alert! Zombie outbreak reported after the meteor strike in Texas. Spread this!,0
Breaking: hurricane has caused widespread damage in Beijing. Evacuation orders in place.,1
URGENT: Drinking bleach cures any radiation from the volcanic eruption in Florida!,0
SHOCKING video shows explosion in Sydney was actually caused by aliens! Click here to watch.,0
Alert! Zombie outbreak reported after the earthquake in Tokyo. Spread this!,0
Alert! Zombie outbreak reported after the monster attack in California. Spread this!,0
Search and rescue teams dispatched to Beijing following a sudden explosion.,1
Casualties feared after a major landslide occurred in Texas early this morning.,1
Search and rescue teams dispatched to Florida following a sudden wildfire.,1
"Official update: hurricane in New York has been contained, but recovery efforts continue.",1
"Don't trust the news! There was no monster attack in Texas, it's all a hoax by the media.",0
SHOCKING video shows monster attack in Texas was actually caused by aliens! Click here to watch.,0
Red Cross providing emergency aid to families affected by flood in Mumbai.,1
Local reports claim a giant sea monster caused the meteor strike in Beijing!,0
Rumor says the earthquake in Manila was staged by actors to control the population.,0
UNBELIEVABLE: Government secret weapon caused the tornado in London!,0
Leaked documents show that the flood in Sydney was predicted in a cartoon 10 years ago.,0
Breaking: explosion has caused widespread damage in Paris. Evacuation orders in place.,1
Search and rescue teams dispatched to London following a sudden hurricane.,1
Local reports claim a giant sea monster caused the explosion in Jakarta!,0
Conspiracy theory: The flood in California was simulated using CGI.,0
Power outages and transport disruptions reported in Manila due to ongoing flood.,1
Breaking: landslide has caused widespread damage in New York. Evacuation orders in place.,1
Power outages and transport disruptions reported in Tokyo due to ongoing flood.,1
"Don't trust the news! There was no meteor strike in California, it's all a hoax by the media.",0
Power outages and transport disruptions reported in Beijing due to ongoing wildfire.,1
Rumor says the meteor strike in Sydney was staged by actors to control the population.,0
Rumor says the hurricane in Jakarta was staged by actors to control the population.,0
Severe explosion reported in Texas. Emergency services are on the scene.,1
Conspiracy theory: The cyclone in Tokyo was simulated using CGI.,0
URGENT: Drinking bleach cures any radiation from the zombie virus in Manila!,0
Red Cross providing emergency aid to families affected by wildfire in New York.,1
"Official update: cyclone in London has been contained, but recovery efforts continue.",1
Warning: hurricane in Mumbai will destroy the entire continent by tomorrow! Run!,0
Casualties feared after a major flood occurred in Manila early this morning.,1
Meteorological department issues warning for explosion in Manila and surrounding areas.,1
Severe flood reported in Sydney. Emergency services are on the scene.,1
Casualties feared after a major tornado occurred in Florida early this morning.,1
Alert! Zombie outbreak reported after the landslide in Manila. Spread this!,0
URGENT: Drinking bleach cures any radiation from the cyclone in London!,0
Officials confirm at least 17 injured after hurricane struck Beijing last night.,1
Officials confirm at least 40 injured after tornado struck Florida last night.,1
Local reports claim a giant sea monster caused the earthquake in Beijing!,0
URGENT: Drinking bleach cures any radiation from the volcanic eruption in New York!,0
SHOCKING video shows volcanic eruption in Texas was actually caused by aliens! Click here to watch.,0
Alert! Zombie outbreak reported after the monster attack in Jakarta. Spread this!,0
"Don't trust the news! There was no government hoax in Tokyo, it's all a hoax by the media.",0
Rumor says the cyclone in Mumbai was staged by actors to control the population.,0
"Don't trust the news! There was no monster attack in London, it's all a hoax by the media.",0
"Don't trust the news! There was no alien invasion in Texas, it's all a hoax by the media.",0
"Don't trust the news! There was no monster attack in Texas, it's all a hoax by the media.",0
A magnitude 5.9 hurricane hit New York today. Local authorities advise caution.,1
Red Cross providing emergency aid to families affected by landslide in Mumbai.,1
"Don't trust the news! There was no government hoax in New York, it's all a hoax by the media.",0
Casualties feared after a major hurricane occurred in Texas early this morning.,1
A magnitude 7.5 tornado hit Florida today. Local authorities advise caution.,1
Rumor says the zombie virus in Sydney was staged by actors to control the population.,0
Officials confirm at least 147 injured after tornado struck Mumbai last night.,1
"Official update: cyclone in Manila has been contained, but recovery efforts continue.",1
Breaking: landslide has caused widespread damage in New York. Evacuation orders in place.,1
Search and rescue teams dispatched to Florida following a sudden earthquake.,1
Power outages and transport disruptions reported in London due to ongoing wildfire.,1
"Don't trust the news! There was no hurricane in New York, it's all a hoax by the media.",0
URGENT: Drinking bleach cures any radiation from the volcanic eruption in Beijing!,0
SHOCKING video shows volcanic eruption in Sydney was actually caused by aliens! Click here to watch.,0
Search and rescue teams dispatched to Mumbai following a sudden landslide.,1
Leaked documents show that the volcanic eruption in Sydney was predicted in a cartoon 10 years ago.,0
Power outages and transport disruptions reported in Texas due to ongoing landslide.,1
Alert! Zombie outbreak reported after the flood in Florida. Spread this!,0
Leaked documents show that the volcanic eruption in Texas was predicted in a cartoon 10 years ago.,0
SHOCKING video shows monster attack in Paris was actually caused by aliens! Click here to watch.,0
SHOCKING video shows alien invasion in California was actually caused by aliens! Click here to watch.,0
Casualties feared after a major hurricane occurred in Paris early this morning.,1
Search and rescue teams dispatched to Sydney following a sudden flood.,1
Severe tornado reported in Florida. Emergency services are on the scene.,1
"Don't trust the news! There was no explosion in California, it's all a hoax by the media.",0
Local reports claim a giant sea monster caused the alien invasion in Mumbai!,0
A magnitude 6.9 tornado hit Beijing today. Local authorities advise caution.,1
Officials confirm at least 89 injured after hurricane struck Texas last night.,1
"Don't trust the news! There was no hurricane in Tokyo, it's all a hoax by the media.",0
"Official update: landslide in California has been contained, but recovery efforts continue.",1
Local reports claim a giant sea monster caused the flood in California!,0
"Don't trust the news! There was no flood in Beijing, it's all a hoax by the media.",0
Alert! Zombie outbreak reported after the alien invasion in Sydney. Spread this!,0
Search and rescue teams dispatched to London following a sudden earthquake.,1
A magnitude 6.6 landslide hit Manila today. Local authorities advise caution.,1
Rumor says the landslide in Sydney was staged by actors to control the population.,0
Leaked documents show that the hurricane in Sydney was predicted in a cartoon 10 years ago.,0
Breaking: earthquake has caused widespread damage in London. Evacuation orders in place.,1
Search and rescue teams dispatched to Tokyo following a sudden hurricane.,1
Conspiracy theory: The cyclone in Texas was simulated using CGI.,0
Search and rescue teams dispatched to New York following a sudden flood.,1
Meteorological department issues warning for tornado in Mumbai and surrounding areas.,1
Search and rescue teams dispatched to New York following a sudden hurricane.,1
Meteorological department issues warning for cyclone in New York and surrounding areas.,1
Power outages and transport disruptions reported in Jakarta due to ongoing flood.,1
Warning: zombie virus in Florida will destroy the entire continent by tomorrow! Run!,0
UNBELIEVABLE: Government secret weapon caused the government hoax in Texas!,0
A magnitude 7.5 cyclone hit California today. Local authorities advise caution.,1
Breaking: landslide has caused widespread damage in Mumbai. Evacuation orders in place.,1
Search and rescue teams dispatched to Beijing following a sudden landslide.,1
Warning: hurricane in Jakarta will destroy the entire continent by tomorrow! Run!,0
Conspiracy theory: The cyclone in Beijing was simulated using CGI.,0
Red Cross providing emergency aid to families affected by cyclone in Florida.,1
Leaked documents show that the cyclone in London was predicted in a cartoon 10 years ago.,0
"Don't trust the news! There was no landslide in Beijing, it's all a hoax by the media.",0
UNBELIEVABLE: Government secret weapon caused the monster attack in Beijing!,0
URGENT: Drinking bleach cures any radiation from the government hoax in Florida!,0
Rumor says the earthquake in Florida was staged by actors to control the population.,0
Meteorological department issues warning for tornado in Mumbai and surrounding areas.,1
SHOCKING video shows tornado in California was actually caused by aliens! Click here to watch.,0
Breaking: hurricane has caused widespread damage in Texas. Evacuation orders in place.,1
UNBELIEVABLE: Government secret weapon caused the cyclone in Tokyo!,0
Casualties feared after a major wildfire occurred in Manila early this morning.,1
A magnitude 5.3 hurricane hit Beijing today. Local authorities advise caution.,1
Casualties feared after a major explosion occurred in California early this morning.,1
SHOCKING video shows zombie virus in Tokyo was actually caused by aliens! Click here to watch.,0
Meteorological department issues warning for cyclone in Jakarta and surrounding areas.,1
Casualties feared after a major tornado occurred in Tokyo early this morning.,1
Breaking: wildfire has caused widespread damage in Beijing. Evacuation orders in place.,1
SHOCKING video shows government hoax in Beijing was actually caused by aliens! Click here to watch.,0
Conspiracy theory: The cyclone in California was simulated using CGI.,0
"Official update: tornado in Mumbai has been contained, but recovery efforts continue.",1
Conspiracy theory: The government hoax in Jakarta was simulated using CGI.,0
UNBELIEVABLE: Government secret weapon caused the zombie virus in Paris!,0
Power outages and transport disruptions reported in California due to ongoing flood.,1
Conspiracy theory: The flood in New York was simulated using CGI.,0
A magnitude 5.0 tornado hit Tokyo today. Local authorities advise caution.,1
Breaking: tornado has caused widespread damage in Manila. Evacuation orders in place.,1
"Don't trust the news! There was no flood in Sydney, it's all a hoax by the media.",0
URGENT: Drinking bleach cures any radiation from the meteor strike in Sydney!,0
URGENT: Drinking bleach cures any radiation from the earthquake in Sydney!,0
Alert! Zombie outbreak reported after the volcanic eruption in Manila. Spread this!,0
Local reports claim a giant sea monster caused the landslide in Manila!,0
Officials confirm at least 39 injured after wildfire struck New York last night.,1
Rumor says the hurricane in Jakarta was staged by actors to control the population.,0
URGENT: Drinking bleach cures any radiation from the monster attack in Sydney!,0
Officials confirm at least 62 injured after hurricane struck Jakarta last night.,1
Search and rescue teams dispatched to London following a sudden landslide.,1
Conspiracy theory: The earthquake in Mumbai was simulated using CGI.,0
UNBELIEVABLE: Government secret weapon caused the flood in Texas!,0
UNBELIEVABLE: Government secret weapon caused the hurricane in New York!,0
Officials confirm at least 107 injured after wildfire struck Manila last night.,1
Breaking: hurricane has caused widespread damage in Tokyo. Evacuation orders in place.,1
SHOCKING video shows flood in Beijing was actually caused by aliens! Click here to watch.,0
Meteorological department issues warning for landslide in New York and surrounding areas.,1
Severe landslide reported in California. Emergency services are on the scene.,1
Officials confirm at least 135 injured after tornado struck Paris last night.,1
Red Cross providing emergency aid to families affected by flood in Tokyo.,1
Officials confirm at least 30 injured after cyclone struck Texas last night.,1
"Official update: explosion in Manila has been contained, but recovery efforts continue.",1
Conspiracy theory: The volcanic eruption in Beijing was simulated using CGI.,0
Local reports claim a giant sea monster caused the earthquake in Beijing!,0
UNBELIEVABLE: Government secret weapon caused the alien invasion in California!,0
A magnitude 5.8 earthquake hit California today. Local authorities advise caution.,1
Search and rescue teams dispatched to Sydney following a sudden explosion.,1
Rumor says the earthquake in Texas was staged by actors to control the population.,0
Breaking: landslide has caused widespread damage in California. Evacuation orders in place.,1
Severe hurricane reported in Mumbai. Emergency services are on the scene.,1
Severe landslide reported in Paris. Emergency services are on the scene.,1
Meteorological department issues warning for explosion in Florida and surrounding areas.,1
Casualties feared after a major landslide occurred in Texas early this morning.,1
Red Cross providing emergency aid to families affected by flood in Jakarta.,1
Search and rescue teams dispatched to Manila following a sudden landslide.,1
Conspiracy theory: The earthquake in California was simulated using CGI.,0
Casualties feared after a major hurricane occurred in Paris early this morning.,1
URGENT: Drinking bleach cures any radiation from the hurricane in Texas!,0
Power outages and transport disruptions reported in London due to ongoing flood.,1
Breaking: tornado has caused widespread damage in Mumbai. Evacuation orders in place.,1
Meteorological department issues warning for hurricane in Beijing and surrounding areas.,1
"Don't trust the news! There was no monster attack in London, it's all a hoax by the media.",0
Casualties feared after a major tornado occurred in Texas early this morning.,1
Warning: volcanic eruption in California will destroy the entire continent by tomorrow! Run!,0
Officials confirm at least 36 injured after earthquake struck Florida last night.,1
Severe hurricane reported in London. Emergency services are on the scene.,1
SHOCKING video shows zombie virus in Tokyo was actually caused by aliens! Click here to watch.,0
Local reports claim a giant sea monster caused the landslide in Tokyo!,0
Power outages and transport disruptions reported in Mumbai due to ongoing earthquake.,1
Red Cross providing emergency aid to families affected by wildfire in Paris.,1
SHOCKING video shows zombie virus in Mumbai was actually caused by aliens! Click here to watch.,0
Power outages and transport disruptions reported in Manila due to ongoing explosion.,1
Officials confirm at least 59 injured after flood struck New York last night.,1
Rumor says the zombie virus in London was staged by actors to control the population.,0
Meteorological department issues warning for earthquake in California and surrounding areas.,1
UNBELIEVABLE: Government secret weapon caused the meteor strike in Paris!,0
Local reports claim a giant sea monster caused the wildfire in California!,0
A magnitude 5.2 earthquake hit California today. Local authorities advise caution.,1
URGENT: Drinking bleach cures any radiation from the earthquake in London!,0
Officials confirm at least 44 injured after hurricane struck Texas last night.,1
Casualties feared after a major landslide occurred in New York early this morning.,1
UNBELIEVABLE: Government secret weapon caused the meteor strike in Sydney!,0
Warning: volcanic eruption in Florida will destroy the entire continent by tomorrow! Run!,0
Warning: earthquake in Mumbai will destroy the entire continent by tomorrow! Run!,0
"Official update: hurricane in Texas has been contained, but recovery efforts continue.",1
Officials confirm at least 138 injured after explosion struck Tokyo last night.,1
Severe flood reported in Beijing. Emergency services are on the scene.,1
Search and rescue teams dispatched to London following a sudden tornado.,1
Local reports claim a giant sea monster caused the earthquake in Texas!,0
Breaking: cyclone has caused widespread damage in Tokyo. Evacuation orders in place.,1
Rumor says the volcanic eruption in Paris was staged by actors to control the population.,0
Breaking: landslide has caused widespread damage in Texas. Evacuation orders in place.,1
URGENT: Drinking bleach cures any radiation from the cyclone in Tokyo!,0
A magnitude 5.9 explosion hit Manila today. Local authorities advise caution.,1
Breaking: tornado has caused widespread damage in Sydney. Evacuation orders in place.,1
"Don't trust the news! There was no wildfire in Florida, it's all a hoax by the media.",0
Breaking: earthquake has caused widespread damage in Mumbai. Evacuation orders in place.,1
"Don't trust the news! There was no landslide in Texas, it's all a hoax by the media.",0
Officials confirm at least 80 injured after tornado struck Florida last night.,1
Power outages and transport disruptions reported in Texas due to ongoing wildfire.,1
A magnitude 5.3 explosion hit Sydney today. Local authorities advise caution.,1
Warning: zombie virus in London will destroy the entire continent by tomorrow! Run!,0
Conspiracy theory: The earthquake in Jakarta was simulated using CGI.,0
Severe hurricane reported in New York. Emergency services are on the scene.,1
Leaked documents show that the earthquake in Beijing was predicted in a cartoon 10 years ago.,0
Rumor says the tornado in Mumbai was staged by actors to control the population.,0
A magnitude 7.8 wildfire hit Jakarta today. Local authorities advise caution.,1
Red Cross providing emergency aid to families affected by tornado in Manila.,1
Alert! Zombie outbreak reported after the earthquake in London. Spread this!,0
URGENT: Drinking bleach cures any radiation from the hurricane in Manila!,0
Leaked documents show that the tornado in Texas was predicted in a cartoon 10 years ago.,0
Red Cross providing emergency aid to families affected by landslide in Manila.,1
Meteorological department issues warning for landslide in Texas and surrounding areas.,1
SHOCKING video shows landslide in Paris was actually caused by aliens! Click here to watch.,0
Leaked documents show that the monster attack in California was predicted in a cartoon 10 years ago.,0
URGENT: Drinking bleach cures any radiation from the alien invasion in Paris!,0
Meteorological department issues warning for landslide in Beijing and surrounding areas.,1
Alert! Zombie outbreak reported after the zombie virus in Manila. Spread this!,0
UNBELIEVABLE: Government secret weapon caused the wildfire in Tokyo!,0
UNBELIEVABLE: Government secret weapon caused the wildfire in Florida!,0
SHOCKING video shows meteor strike in New York was actually caused by aliens! Click here to watch.,0
"Don't trust the news! There was no meteor strike in Beijing, it's all a hoax by the media.",0
Officials confirm at least 148 injured after wildfire struck Florida last night.,1
SHOCKING video shows volcanic eruption in Sydney was actually caused by aliens! Click here to watch.,0
Power outages and transport disruptions reported in Beijing due to ongoing explosion.,1
Meteorological department issues warning for hurricane in Sydney and surrounding areas.,1
A magnitude 6.8 tornado hit London today. Local authorities advise caution.,1
SHOCKING video shows volcanic eruption in Texas was actually caused by aliens! Click here to watch.,0
A magnitude 5.9 explosion hit Manila today. Local authorities advise caution.,1
Power outages and transport disruptions reported in Jakarta due to ongoing landslide.,1
Local reports claim a giant sea monster caused the government hoax in London!,0
Meteorological department issues warning for hurricane in Mumbai and surrounding areas.,1
Conspiracy theory: The wildfire in Manila was simulated using CGI.,0
Conspiracy theory: The government hoax in Florida was simulated using CGI.,0
Warning: monster attack in Texas will destroy the entire continent by tomorrow! Run!,0
Breaking: landslide has caused widespread damage in Sydney. Evacuation orders in place.,1
Alert! Zombie outbreak reported after the landslide in Beijing. Spread this!,0
Conspiracy theory: The cyclone in Jakarta was simulated using CGI.,0
UNBELIEVABLE: Government secret weapon caused the landslide in Beijing!,0
Rumor says the meteor strike in California was staged by actors to control the population.,0
Breaking: landslide has caused widespread damage in California. Evacuation orders in place.,1
Search and rescue teams dispatched to California following a sudden flood.,1
Rumor says the cyclone in Florida was staged by actors to control the population.,0
Rumor says the volcanic eruption in Beijing was staged by actors to control the population.,0
Severe landslide reported in California. Emergency services are on the scene.,1
Warning: landslide in London will destroy the entire continent by tomorrow! Run!,0
Local reports claim a giant sea monster caused the earthquake in Texas!,0
Breaking: landslide has caused widespread damage in California. Evacuation orders in place.,1
Leaked documents show that the zombie virus in Jakarta was predicted in a cartoon 10 years ago.,0
UNBELIEVABLE: Government secret weapon caused the explosion in Tokyo!,0
Power outages and transport disruptions reported in Texas due to ongoing cyclone.,1
Power outages and transport disruptions reported in Sydney due to ongoing earthquake.,1
Conspiracy theory: The tornado in Mumbai was simulated using CGI.,0
Conspiracy theory: The tornado in Beijing was simulated using CGI.,0
Conspiracy theory: The volcanic eruption in New York was simulated using CGI.,0
Warning: explosion in London will destroy the entire continent by tomorrow! Run!,0
Red Cross providing emergency aid to families affected by explosion in Tokyo.,1
"Official update: landslide in London has been contained, but recovery efforts continue.",1
Alert! Zombie outbreak reported after the cyclone in Paris. Spread this!,0
SHOCKING video shows meteor strike in Tokyo was actually caused by aliens! Click here to watch.,0
Warning: volcanic eruption in Paris will destroy the entire continent by tomorrow! Run!,0
Rumor says the cyclone in Manila was staged by actors to control the population.,0
Severe landslide reported in Tokyo. Emergency services are on the scene.,1
Conspiracy theory: The government hoax in Mumbai was simulated using CGI.,0
Warning: tornado in London will destroy the entire continent by tomorrow! Run!,0
Meteorological department issues warning for flood in California and surrounding areas.,1
Breaking: flood has caused widespread damage in Beijing. Evacuation orders in place.,1
SHOCKING video shows meteor strike in Texas was actually caused by aliens! Click here to watch.,0
Leaked documents show that the alien invasion in Florida was predicted in a cartoon 10 years ago.,0
SHOCKING video shows government hoax in Texas was actually caused by aliens! Click here to watch.,0
Severe cyclone reported in New York. Emergency services are on the scene.,1
Leaked documents show that the zombie virus in Beijing was predicted in a cartoon 10 years ago.,0
Red Cross providing emergency aid to families affected by wildfire in London.,1
Breaking: landslide has caused widespread damage in Manila. Evacuation orders in place.,1
Search and rescue teams dispatched to Texas following a sudden tornado.,1
Warning: earthquake in Mumbai will destroy the entire continent by tomorrow! Run!,0
"Don't trust the news! There was no flood in Beijing, it's all a hoax by the media.",0
Red Cross providing emergency aid to families affected by earthquake in London.,1
Severe explosion reported in Jakarta. Emergency services are on the scene.,1
Breaking: landslide has caused widespread damage in London. Evacuation orders in place.,1
Warning: wildfire in Sydney will destroy the entire continent by tomorrow! Run!,0
Severe flood reported in Paris. Emergency services are on the scene.,1
"Don't trust the news! There was no cyclone in Jakarta, it's all a hoax by the media.",0
SHOCKING video shows landslide in Sydney was actually caused by aliens! Click here to watch.,0
A magnitude 6.0 earthquake hit London today. Local authorities advise caution.,1
Search and rescue teams dispatched to Paris following a sudden wildfire.,1
Breaking: wildfire has caused widespread damage in London. Evacuation orders in place.,1
URGENT: Drinking bleach cures any radiation from the earthquake in Manila!,0
UNBELIEVABLE: Government secret weapon caused the hurricane in Jakarta!,0
SHOCKING video shows cyclone in Texas was actually caused by aliens! Click here to watch.,0
"Official update: wildfire in Tokyo has been contained, but recovery efforts continue.",1
Meteorological department issues warning for hurricane in Beijing and surrounding areas.,1
Alert! Zombie outbreak reported after the meteor strike in Tokyo. Spread this!,0
Rumor says the volcanic eruption in Manila was staged by actors to control the population.,0
"Don't trust the news! There was no flood in Beijing, it's all a hoax by the media.",0
Rumor says the volcanic eruption in London was staged by actors to control the population.,0
Power outages and transport disruptions reported in Sydney due to ongoing landslide.,1
Officials confirm at least 19 injured after landslide struck Beijing last night.,1
Local reports claim a giant sea monster caused the tornado in Manila!,0
Severe wildfire reported in Paris. Emergency services are on the scene.,1
URGENT: Drinking bleach cures any radiation from the hurricane in London!,0
URGENT: Drinking bleach cures any radiation from the flood in Manila!,0
A magnitude 7.4 explosion hit California today. Local authorities advise caution.,1
SHOCKING video shows alien invasion in New York was actually caused by aliens! Click here to watch.,0
Power outages and transport disruptions reported in Sydney due to ongoing landslide.,1
Officials confirm at least 108 injured after hurricane struck Mumbai last night.,1
Red Cross providing emergency aid to families affected by explosion in Beijing.,1
"Don't trust the news! There was no monster attack in California, it's all a hoax by the media.",0
Power outages and transport disruptions reported in Tokyo due to ongoing earthquake.,1
Meteorological department issues warning for hurricane in Jakarta and surrounding areas.,1
Search and rescue teams dispatched to Tokyo following a sudden flood.,1
Conspiracy theory: The alien invasion in Texas was simulated using CGI.,0
Warning: volcanic eruption in Texas will destroy the entire continent by tomorrow! Run!,0
Search and rescue teams dispatched to Manila following a sudden flood.,1
A magnitude 7.0 landslide hit Beijing today. Local authorities advise caution.,1
Officials confirm at least 140 injured after explosion struck Sydney last night.,1
UNBELIEVABLE: Government secret weapon caused the explosion in Florida!,0
Meteorological department issues warning for tornado in Mumbai and surrounding areas.,1
UNBELIEVABLE: Government secret weapon caused the volcanic eruption in Manila!,0
"Official update: cyclone in Sydney has been contained, but recovery efforts continue.",1
"Don't trust the news! There was no hurricane in Beijing, it's all a hoax by the media.",0
Search and rescue teams dispatched to Paris following a sudden wildfire.,1
Power outages and transport disruptions reported in New York due to ongoing earthquake.,1
URGENT: Drinking bleach cures any radiation from the government hoax in Paris!,0
"Don't trust the news! There was no zombie virus in Jakarta, it's all a hoax by the media.",0
Rumor says the landslide in California was staged by actors to control the population.,0
Local reports claim a giant sea monster caused the landslide in Jakarta!,0
Local reports claim a giant sea monster caused the wildfire in Sydney!,0
URGENT: Drinking bleach cures any radiation from the hurricane in Manila!,0
Breaking: hurricane has caused widespread damage in Texas. Evacuation orders in place.,1
Severe tornado reported in Paris. Emergency services are on the scene.,1
Search and rescue teams dispatched to Texas following a sudden tornado.,1
Rumor says the volcanic eruption in Jakarta was staged by actors to control the population.,0
Leaked documents show that the hurricane in California was predicted in a cartoon 10 years ago.,0
"Official update: hurricane in Florida has been contained, but recovery efforts continue.",1
A magnitude 8.1 tornado hit California today. Local authorities advise caution.,1
Alert! Zombie outbreak reported after the earthquake in New York. Spread this!,0
Power outages and transport disruptions reported in Florida due to ongoing explosion.,1
Conspiracy theory: The explosion in Sydney was simulated using CGI.,0
Conspiracy theory: The landslide in Sydney was simulated using CGI.,0
A magnitude 7.9 explosion hit Paris today. Local authorities advise caution.,1
Red Cross providing emergency aid to families affected by landslide in Texas.,1
Severe explosion reported in Sydney. Emergency services are on the scene.,1
A magnitude 5.3 cyclone hit Sydney today. Local authorities advise caution.,1
Casualties feared after a major flood occurred in Beijing early this morning.,1
Conspiracy theory: The flood in Florida was simulated using CGI.,0
A magnitude 5.0 hurricane hit Jakarta today. Local authorities advise caution.,1
Search and rescue teams dispatched to London following a sudden hurricane.,1
Meteorological department issues warning for cyclone in New York and surrounding areas.,1
Red Cross providing emergency aid to families affected by hurricane in Paris.,1
Power outages and transport disruptions reported in Florida due to ongoing hurricane.,1
Severe landslide reported in Jakarta. Emergency services are on the scene.,1
Severe earthquake reported in Manila. Emergency services are on the scene.,1
Rumor says the flood in Texas was staged by actors to control the population.,0
Casualties feared after a major tornado occurred in New York early this morning.,1
UNBELIEVABLE: Government secret weapon caused the explosion in Jakarta!,0
Severe explosion reported in Jakarta. Emergency services are on the scene.,1
Leaked documents show that the wildfire in California was predicted in a cartoon 10 years ago.,0
Conspiracy theory: The tornado in Tokyo was simulated using CGI.,0
"Don't trust the news! There was no explosion in Florida, it's all a hoax by the media.",0
Alert! Zombie outbreak reported after the explosion in Florida. Spread this!,0
Alert! Zombie outbreak reported after the tornado in California. Spread this!,0
Leaked documents show that the explosion in Jakarta was predicted in a cartoon 10 years ago.,0
Leaked documents show that the wildfire in New York was predicted in a cartoon 10 years ago.,0
Local reports claim a giant sea monster caused the flood in Texas!,0
SHOCKING video shows earthquake in Paris was actually caused by aliens! Click here to watch.,0
Severe earthquake reported in Texas. Emergency services are on the scene.,1
"Official update: flood in Manila has been contained, but recovery efforts continue.",1
Rumor says the volcanic eruption in California was staged by actors to control the population.,0
Alert! Zombie outbreak reported after the government hoax in Manila. Spread this!,0
Officials confirm at least 11 injured after flood struck London last night.,1
SHOCKING video shows cyclone in Mumbai was actually caused by aliens! Click here to watch.,0
Conspiracy theory: The hurricane in Paris was simulated using CGI.,0
"Don't trust the news! There was no explosion in Mumbai, it's all a hoax by the media.",0
"Official update: cyclone in Sydney has been contained, but recovery efforts continue.",1
SHOCKING video shows meteor strike in Texas was actually caused by aliens! Click here to watch.,0
Casualties feared after a major explosion occurred in Manila early this morning.,1
Warning: alien invasion in California will destroy the entire continent by tomorrow! Run!,0
A magnitude 7.4 wildfire hit Jakarta today. Local authorities advise caution.,1
UNBELIEVABLE: Government secret weapon caused the cyclone in Tokyo!,0
Warning: meteor strike in California will destroy the entire continent by tomorrow! Run!,0
Alert! Zombie outbreak reported after the meteor strike in Tokyo. Spread this!,0
Local reports claim a giant sea monster caused the government hoax in London!,0
"Official update: explosion in California has been contained, but recovery efforts continue.",1
Breaking: flood has caused widespread damage in Paris. Evacuation orders in place.,1
Rumor says the landslide in Mumbai was staged by actors to control the population.,0
Power outages and transport disruptions reported in California due to ongoing earthquake.,1
UNBELIEVABLE: Government secret weapon caused the cyclone in Jakarta!,0
Local reports claim a giant sea monster caused the tornado in Paris!,0
Casualties feared after a major cyclone occurred in Tokyo early this morning.,1
Severe wildfire reported in Florida. Emergency services are on the scene.,1
Casualties feared after a major landslide occurred in Sydney early this morning.,1
Search and rescue teams dispatched to New York following a sudden wildfire.,1
Casualties feared after a major explosion occurred in Tokyo early this morning.,1
Power outages and transport disruptions reported in Sydney due to ongoing tornado.,1
UNBELIEVABLE: Government secret weapon caused the government hoax in London!,0
Red Cross providing emergency aid to families affected by flood in California.,1
Casualties feared after a major tornado occurred in Jakarta early this morning.,1
URGENT: Drinking bleach cures any radiation from the tornado in Florida!,0
Alert! Zombie outbreak reported after the government hoax in Texas. Spread this!,0
Meteorological department issues warning for wildfire in New York and surrounding areas.,1
Red Cross providing emergency aid to families affected by wildfire in Beijing.,1
Casualties feared after a major cyclone occurred in California early this morning.,1
Meteorological department issues warning for earthquake in New York and surrounding areas.,1
Leaked documents show that the flood in Sydney was predicted in a cartoon 10 years ago.,0
A magnitude 5.5 wildfire hit Paris today. Local authorities advise caution.,1
"Don't trust the news! There was no government hoax in Manila, it's all a hoax by the media.",0
Search and rescue teams dispatched to Jakarta following a sudden earthquake.,1
Red Cross providing emergency aid to families affected by wildfire in Beijing.,1
A magnitude 5.9 wildfire hit Jakarta today. Local authorities advise caution.,1
Search and rescue teams dispatched to California following a sudden explosion.,1
Alert! Zombie outbreak reported after the tornado in Manila. Spread this!,0
Meteorological department issues warning for landslide in Sydney and surrounding areas.,1
Severe explosion reported in California. Emergency services are on the scene.,1
Rumor says the volcanic eruption in Manila was staged by actors to control the population.,0
A magnitude 6.6 earthquake hit New York today. Local authorities advise caution.,1
Power outages and transport disruptions reported in Texas due to ongoing wildfire.,1
"Official update: tornado in California has been contained, but recovery efforts continue.",1
Meteorological department issues warning for explosion in California and surrounding areas.,1
Officials confirm at least 35 injured after explosion struck Jakarta last night.,1
Local reports claim a giant sea monster caused the wildfire in Manila!,0
URGENT: Drinking bleach cures any radiation from the volcanic eruption in Tokyo!,0
Red Cross providing emergency aid to families affected by wildfire in New York.,1
Rumor says the explosion in London was staged by actors to control the population.,0
Local reports claim a giant sea monster caused the earthquake in London!,0
Local reports claim a giant sea monster caused the wildfire in California!,0
Warning: landslide in Jakarta will destroy the entire continent by tomorrow! Run!,0
UNBELIEVABLE: Government secret weapon caused the cyclone in New York!,0
"Official update: landslide in Manila has been contained, but recovery efforts continue.",1
"Don't trust the news! There was no explosion in California, it's all a hoax by the media.",0
SHOCKING video shows volcanic eruption in New York was actually caused by aliens! Click here to watch.,0
Local reports claim a giant sea monster caused the monster attack in Tokyo!,0
SHOCKING video shows landslide in London was actually caused by aliens! Click here to watch.,0
URGENT: Drinking bleach cures any radiation from the monster attack in Paris!,0
Warning: meteor strike in Florida will destroy the entire continent by tomorrow! Run!,0
"Don't trust the news! There was no monster attack in Tokyo, it's all a hoax by the media.",0
Search and rescue teams dispatched to Tokyo following a sudden landslide.,1
Local reports claim a giant sea monster caused the wildfire in London!,0
Breaking: cyclone has caused widespread damage in Tokyo. Evacuation orders in place.,1
UNBELIEVABLE: Government secret weapon caused the landslide in California!,0
UNBELIEVABLE: Government secret weapon caused the government hoax in Sydney!,0
Alert! Zombie outbreak reported after the explosion in Texas. Spread this!,0
Severe earthquake reported in California. Emergency services are on the scene.,1
Alert! Zombie outbreak reported after the government hoax in Mumbai. Spread this!,0
URGENT: Drinking bleach cures any radiation from the meteor strike in New York!,0
A magnitude 8.0 hurricane hit Tokyo today. Local authorities advise caution.,1
Leaked documents show that the hurricane in Tokyo was predicted in a cartoon 10 years ago.,0
Red Cross providing emergency aid to families affected by explosion in Beijing.,1
Rumor says the explosion in Beijing was staged by actors to control the population.,0
Breaking: tornado has caused widespread damage in London. Evacuation orders in place.,1
Rumor says the cyclone in Mumbai was staged by actors to control the population.,0
Rumor says the monster attack in Sydney was staged by actors to control the population.,0
Rumor says the alien invasion in London was staged by actors to control the population.,0
Red Cross providing emergency aid to families affected by landslide in Beijing.,1
Officials confirm at least 109 injured after earthquake struck Texas last night.,1
A magnitude 7.8 explosion hit Sydney today. Local authorities advise caution.,1
Casualties feared after a major wildfire occurred in Sydney early this morning.,1
Officials confirm at least 81 injured after cyclone struck California last night.,1
Local reports claim a giant sea monster caused the zombie virus in California!,0
Red Cross providing emergency aid to families affected by earthquake in Sydney.,1
Power outages and transport disruptions reported in Paris due to ongoing landslide.,1
Local reports claim a giant sea monster caused the earthquake in California!,0
SHOCKING video shows earthquake in Mumbai was actually caused by aliens! Click here to watch.,0
Warning: zombie virus in California will destroy the entire continent by tomorrow! Run!,0
Officials confirm at least 73 injured after hurricane struck Mumbai last night.,1
Severe explosion reported in Paris. Emergency services are on the scene.,1
Alert! Zombie outbreak reported after the wildfire in New York. Spread this!,0
Alert! Zombie outbreak reported after the landslide in Tokyo. Spread this!,0
A magnitude 7.5 cyclone hit Beijing today. Local authorities advise caution.,1
"Don't trust the news! There was no government hoax in Beijing, it's all a hoax by the media.",0
Officials confirm at least 25 injured after wildfire struck Manila last night.,1
Alert! Zombie outbreak reported after the explosion in California. Spread this!,0
URGENT: Drinking bleach cures any radiation from the explosion in Manila!,0
Leaked documents show that the alien invasion in New York was predicted in a cartoon 10 years ago.,0
SHOCKING video shows cyclone in Florida was actually caused by aliens! Click here to watch.,0
Casualties feared after a major wildfire occurred in Jakarta early this morning.,1
Officials confirm at least 29 injured after hurricane struck Sydney last night.,1
"Don't trust the news! There was no tornado in Mumbai, it's all a hoax by the media.",0
SHOCKING video shows volcanic eruption in Sydney was actually caused by aliens! Click here to watch.,0
Power outages and transport disruptions reported in Beijing due to ongoing earthquake.,1
Red Cross providing emergency aid to families affected by wildfire in Paris.,1
A magnitude 8.4 hurricane hit California today. Local authorities advise caution.,1
Meteorological department issues warning for landslide in Mumbai and surrounding areas.,1
Search and rescue teams dispatched to California following a sudden earthquake.,1
SHOCKING video shows earthquake in Tokyo was actually caused by aliens! Click here to watch.,0
Power outages and transport disruptions reported in New York due to ongoing hurricane.,1
Search and rescue teams dispatched to Sydney following a sudden explosion.,1
"Don't trust the news! There was no earthquake in Florida, it's all a hoax by the media.",0
Officials confirm at least 145 injured after cyclone struck Florida last night.,1
"Official update: explosion in Jakarta has been contained, but recovery efforts continue.",1
Rumor says the volcanic eruption in New York was staged by actors to control the population.,0
URGENT: Drinking bleach cures any radiation from the volcanic eruption in New York!,0
UNBELIEVABLE: Government secret weapon caused the zombie virus in Sydney!,0
"Don't trust the news! There was no alien invasion in Mumbai, it's all a hoax by the media.",0
Alert! Zombie outbreak reported after the landslide in Sydney. Spread this!,0
Breaking: earthquake has caused widespread damage in Tokyo. Evacuation orders in place.,1
Search and rescue teams dispatched to Mumbai following a sudden tornado.,1
Search and rescue teams dispatched to New York following a sudden cyclone.,1
Alert! Zombie outbreak reported after the hurricane in Sydney. Spread this!,0
Meteorological department issues warning for hurricane in Florida and surrounding areas.,1
UNBELIEVABLE: Government secret weapon caused the meteor strike in New York!,0
A magnitude 5.2 cyclone hit Beijing today. Local authorities advise caution.,1
Leaked documents show that the tornado in London was predicted in a cartoon 10 years ago.,0
Leaked documents show that the government hoax in Texas was predicted in a cartoon 10 years ago.,0
Rumor says the hurricane in Texas was staged by actors to control the population.,0
Conspiracy theory: The monster attack in California was simulated using CGI.,0
A magnitude 5.5 flood hit Paris today. Local authorities advise caution.,1
Meteorological department issues warning for cyclone in New York and surrounding areas.,1
Rumor says the volcanic eruption in Paris was staged by actors to control the population.,0
"Don't trust the news! There was no cyclone in Beijing, it's all a hoax by the media.",0
A magnitude 6.5 hurricane hit Paris today. Local authorities advise caution.,1
Power outages and transport disruptions reported in Florida due to ongoing hurricane.,1
A magnitude 7.7 tornado hit Texas today. Local authorities advise caution.,1
Warning: government hoax in Florida will destroy the entire continent by tomorrow! Run!,0
URGENT: Drinking bleach cures any radiation from the monster attack in Paris!,0
UNBELIEVABLE: Government secret weapon caused the cyclone in Tokyo!,0
Local reports claim a giant sea monster caused the volcanic eruption in California!,0
Casualties feared after a major flood occurred in New York early this morning.,1
"Don't trust the news! There was no alien invasion in Texas, it's all a hoax by the media.",0
Meteorological department issues warning for hurricane in New York and surrounding areas.,1
Warning: tornado in California will destroy the entire continent by tomorrow! Run!,0
Alert! Zombie outbreak reported after the flood in Manila. Spread this!,0
A magnitude 6.1 wildfire hit Mumbai today. Local authorities advise caution.,1
"Don't trust the news! There was no zombie virus in New York, it's all a hoax by the media.",0
URGENT: Drinking bleach cures any radiation from the flood in Paris!,0
Red Cross providing emergency aid to families affected by earthquake in New York.,1
Officials confirm at least 94 injured after hurricane struck Sydney last night.,1
Severe wildfire reported in New York. Emergency services are on the scene.,1
A magnitude 6.6 hurricane hit Tokyo today. Local authorities advise caution.,1
"Don't trust the news! There was no landslide in New York, it's all a hoax by the media.",0
"Official update: tornado in Florida has been contained, but recovery efforts continue.",1
"Official update: earthquake in New York has been contained, but recovery efforts continue.",1
Leaked documents show that the zombie virus in Sydney was predicted in a cartoon 10 years ago.,0
UNBELIEVABLE: Government secret weapon caused the zombie virus in New York!,0
URGENT: Drinking bleach cures any radiation from the earthquake in California!,0
Breaking: tornado has caused widespread damage in Jakarta. Evacuation orders in place.,1
"Don't trust the news! There was no earthquake in Manila, it's all a hoax by the media.",0
Breaking: wildfire has caused widespread damage in Manila. Evacuation orders in place.,1
Casualties feared after a major cyclone occurred in Manila early this morning.,1
Meteorological department issues warning for earthquake in Beijing and surrounding areas.,1
Search and rescue teams dispatched to Tokyo following a sudden wildfire.,1
Warning: tornado in Mumbai will destroy the entire continent by tomorrow! Run!,0
Severe earthquake reported in New York. Emergency services are on the scene.,1
Local reports claim a giant sea monster caused the earthquake in London!,0
SHOCKING video shows tornado in Tokyo was actually caused by aliens! Click here to watch.,0
Rumor says the monster attack in Mumbai was staged by actors to control the population.,0
Search and rescue teams dispatched to Paris following a sudden flood.,1
A magnitude 7.3 flood hit California today. Local authorities advise caution.,1
A magnitude 8.4 tornado hit Sydney today. Local authorities advise caution.,1
Breaking: earthquake has caused widespread damage in Tokyo. Evacuation orders in place.,1
Rumor says the landslide in California was staged by actors to control the population.,0
UNBELIEVABLE: Government secret weapon caused the flood in Tokyo!,0
UNBELIEVABLE: Government secret weapon caused the explosion in Mumbai!,0
Severe explosion reported in Mumbai. Emergency services are on the scene.,1
Leaked documents show that the alien invasion in New York was predicted in a cartoon 10 years ago.,0
Search and rescue teams dispatched to Mumbai following a sudden landslide.,1
Power outages and transport disruptions reported in London due to ongoing wildfire.,1
Local reports claim a giant sea monster caused the wildfire in Tokyo!,0
Red Cross providing emergency aid to families affected by explosion in London.,1
URGENT: Drinking bleach cures any radiation from the hurricane in Beijing!,0
Search and rescue teams dispatched to Florida following a sudden explosion.,1
Conspiracy theory: The landslide in Mumbai was simulated using CGI.,0
Leaked documents show that the flood in Mumbai was predicted in a cartoon 10 years ago.,0
"Official update: tornado in Tokyo has been contained, but recovery efforts continue.",1
"Official update: earthquake in Tokyo has been contained, but recovery efforts continue.",1
Power outages and transport disruptions reported in Beijing due to ongoing cyclone.,1
UNBELIEVABLE: Government secret weapon caused the tornado in Mumbai!,0
Meteorological department issues warning for tornado in California and surrounding areas.,1
Meteorological department issues warning for tornado in Paris and surrounding areas.,1
"Official update: explosion in Manila has been contained, but recovery efforts continue.",1
Conspiracy theory: The wildfire in Jakarta was simulated using CGI.,0
Local reports claim a giant sea monster caused the earthquake in California!,0
Power outages and transport disruptions reported in Jakarta due to ongoing explosion.,1
Leaked documents show that the volcanic eruption in Tokyo was predicted in a cartoon 10 years ago.,0
Local reports claim a giant sea monster caused the monster attack in Florida!,0
SHOCKING video shows zombie virus in Mumbai was actually caused by aliens! Click here to watch.,0
"Don't trust the news! There was no tornado in Sydney, it's all a hoax by the media.",0
Leaked documents show that the meteor strike in Sydney was predicted in a cartoon 10 years ago.,0
Leaked documents show that the explosion in Jakarta was predicted in a cartoon 10 years ago.,0
Alert! Zombie outbreak reported after the cyclone in Paris. Spread this!,0
A magnitude 7.4 hurricane hit Manila today. Local authorities advise caution.,1
Conspiracy theory: The cyclone in London was simulated using CGI.,0
Alert! Zombie outbreak reported after the explosion in Tokyo. Spread this!,0
"Official update: hurricane in Jakarta has been contained, but recovery efforts continue.",1
SHOCKING video shows hurricane in London was actually caused by aliens! Click here to watch.,0
Leaked documents show that the tornado in Florida was predicted in a cartoon 10 years ago.,0
URGENT: Drinking bleach cures any radiation from the cyclone in London!,0
Officials confirm at least 111 injured after explosion struck Florida last night.,1
Local reports claim a giant sea monster caused the volcanic eruption in Paris!,0
Warning: alien invasion in Texas will destroy the entire continent by tomorrow! Run!,0
UNBELIEVABLE: Government secret weapon caused the volcanic eruption in Manila!,0
Rumor says the zombie virus in London was staged by actors to control the population.,0
URGENT: Drinking bleach cures any radiation from the hurricane in Jakarta!,0
Warning: explosion in Beijing will destroy the entire continent by tomorrow! Run!,0
A magnitude 8.3 landslide hit California today. Local authorities advise caution.,1
"Official update: hurricane in Tokyo has been contained, but recovery efforts continue.",1
Rumor says the earthquake in Texas was staged by actors to control the population.,0
Alert! Zombie outbreak reported after the wildfire in Sydney. Spread this!,0
"Official update: wildfire in New York has been contained, but recovery efforts continue.",1
Rumor says the hurricane in Paris was staged by actors to control the population.,0
Officials confirm at least 114 injured after wildfire struck Florida last night.,1
Power outages and transport disruptions reported in Tokyo due to ongoing flood.,1
Warning: volcanic eruption in Jakarta will destroy the entire continent by tomorrow! Run!,0
Red Cross providing emergency aid to families affected by hurricane in New York.,1
"Don't trust the news! There was no landslide in Jakarta, it's all a hoax by the media.",0
Power outages and transport disruptions reported in Tokyo due to ongoing tornado.,1
Local reports claim a giant sea monster caused the flood in Beijing!,0
Meteorological department issues warning for explosion in Paris and surrounding areas.,1
Officials confirm at least 82 injured after hurricane struck Jakarta last night.,1
"Official update: flood in Sydney has been contained, but recovery efforts continue.",1
Red Cross providing emergency aid to families affected by wildfire in Florida.,1
Leaked documents show that the tornado in Manila was predicted in a cartoon 10 years ago.,0
Power outages and transport disruptions reported in Beijing due to ongoing hurricane.,1
Officials confirm at least 106 injured after landslide struck Jakarta last night.,1
Breaking: landslide has caused widespread damage in Sydney. Evacuation orders in place.,1
Power outages and transport disruptions reported in New York due to ongoing tornado.,1
UNBELIEVABLE: Government secret weapon caused the earthquake in Jakarta!,0
Casualties feared after a major landslide occurred in New York early this morning.,1
Officials confirm at least 31 injured after tornado struck Texas last night.,1
Search and rescue teams dispatched to Tokyo following a sudden earthquake.,1
URGENT: Drinking bleach cures any radiation from the meteor strike in Beijing!,0
SHOCKING video shows landslide in Manila was actually caused by aliens! Click here to watch.,0
Search and rescue teams dispatched to California following a sudden explosion.,1
A magnitude 6.0 landslide hit California today. Local authorities advise caution.,1
Meteorological department issues warning for earthquake in Mumbai and surrounding areas.,1
A magnitude 5.0 tornado hit Mumbai today. Local authorities advise caution.,1
"Official update: landslide in Jakarta has been contained, but recovery efforts continue.",1
Casualties feared after a major tornado occurred in Beijing early this morning.,1
Leaked documents show that the flood in Sydney was predicted in a cartoon 10 years ago.,0
Local reports claim a giant sea monster caused the meteor strike in Florida!,0
Alert! Zombie outbreak reported after the flood in Texas. Spread this!,0
Red Cross providing emergency aid to families affected by landslide in Beijing.,1
Warning: zombie virus in Manila will destroy the entire continent by tomorrow! Run!,0
SHOCKING video shows flood in Beijing was actually caused by aliens! Click here to watch.,0
Alert! Zombie outbreak reported after the alien invasion in Paris. Spread this!,0
SHOCKING video shows cyclone in Paris was actually caused by aliens! Click here to watch.,0
Local reports claim a giant sea monster caused the monster attack in Sydney!,0
Red Cross providing emergency aid to families affected by cyclone in California.,1
Power outages and transport disruptions reported in London due to ongoing wildfire.,1
Red Cross providing emergency aid to families affected by hurricane in Sydney.,1
Conspiracy theory: The hurricane in Tokyo was simulated using CGI.,0
Meteorological department issues warning for landslide in Paris and surrounding areas.,1
A magnitude 8.2 flood hit Tokyo today. Local authorities advise caution.,1
A magnitude 5.3 explosion hit Texas today. Local authorities advise caution.,1
Alert! Zombie outbreak reported after the zombie virus in Paris. Spread this!,0
"Don't trust the news! There was no meteor strike in Jakarta, it's all a hoax by the media.",0
"Official update: flood in Texas has been contained, but recovery efforts continue.",1
Casualties feared after a major earthquake occurred in New York early this morning.,1
"Don't trust the news! There was no flood in New York, it's all a hoax by the media.",0
Officials confirm at least 111 injured after cyclone struck Beijing last night.,1
URGENT: Drinking bleach cures any radiation from the flood in Mumbai!,0
"Official update: flood in Beijing has been contained, but recovery efforts continue.",1
Local reports claim a giant sea monster caused the flood in London!,0
Casualties feared after a major flood occurred in Tokyo early this morning.,1
"Official update: hurricane in Jakarta has been contained, but recovery efforts continue.",1
Casualties feared after a major landslide occurred in Tokyo early this morning.,1
Red Cross providing emergency aid to families affected by flood in London.,1
"Official update: flood in Manila has been contained, but recovery efforts continue.",1
Officials confirm at least 126 injured after tornado struck Mumbai last night.,1
Red Cross providing emergency aid to families affected by wildfire in Texas.,1
Leaked documents show that the monster attack in Paris was predicted in a cartoon 10 years ago.,0
Breaking: explosion has caused widespread damage in Sydney. Evacuation orders in place.,1
"Don't trust the news! There was no cyclone in Paris, it's all a hoax by the media.",0
Conspiracy theory: The alien invasion in Manila was simulated using CGI.,0
Alert! Zombie outbreak reported after the volcanic eruption in Manila. Spread this!,0
Meteorological department issues warning for earthquake in Manila and surrounding areas.,1
Alert! Zombie outbreak reported after the explosion in Texas. Spread this!,0
Local reports claim a giant sea monster caused the zombie virus in Mumbai!,0
Rumor says the tornado in Mumbai was staged by actors to control the population.,0
Rumor says the alien invasion in Sydney was staged by actors to control the population.,0
Breaking: cyclone has caused widespread damage in Tokyo. Evacuation orders in place.,1
Breaking: tornado has caused widespread damage in London. Evacuation orders in place.,1
Rumor says the explosion in Manila was staged by actors to control the population.,0
UNBELIEVABLE: Government secret weapon caused the cyclone in Beijing!,0
SHOCKING video shows earthquake in California was actually caused by aliens! Click here to watch.,0
URGENT: Drinking bleach cures any radiation from the monster attack in Florida!,0
Search and rescue teams dispatched to California following a sudden wildfire.,1
"Don't trust the news! There was no tornado in Florida, it's all a hoax by the media.",0
Rumor says the earthquake in Mumbai was staged by actors to control the population.,0
Warning: volcanic eruption in Florida will destroy the entire continent by tomorrow! Run!,0
Officials confirm at least 135 injured after earthquake struck Mumbai last night.,1
Conspiracy theory: The meteor strike in Texas was simulated using CGI.,0
Officials confirm at least 137 injured after wildfire struck Florida last night.,1
Officials confirm at least 12 injured after tornado struck Florida last night.,1
Rumor says the wildfire in Beijing was staged by actors to control the population.,0
Search and rescue teams dispatched to Manila following a sudden earthquake.,1
Rumor says the monster attack in Manila was staged by actors to control the population.,0
Warning: volcanic eruption in Manila will destroy the entire continent by tomorrow! Run!,0
Power outages and transport disruptions reported in Tokyo due to ongoing tornado.,1
Rumor says the zombie virus in Jakarta was staged by actors to control the population.,0
Conspiracy theory: The monster attack in Sydney was simulated using CGI.,0
URGENT: Drinking bleach cures any radiation from the zombie virus in London!,0
"Official update: tornado in California has been contained, but recovery efforts continue.",1
Alert! Zombie outbreak reported after the landslide in Beijing. Spread this!,0
Search and rescue teams dispatched to London following a sudden explosion.,1
Local reports claim a giant sea monster caused the hurricane in Sydney!,0
URGENT: Drinking bleach cures any radiation from the zombie virus in London!,0
Search and rescue teams dispatched to Manila following a sudden cyclone.,1
UNBELIEVABLE: Government secret weapon caused the hurricane in Paris!,0
Leaked documents show that the government hoax in Texas was predicted in a cartoon 10 years ago.,0
Severe explosion reported in New York. Emergency services are on the scene.,1
Meteorological department issues warning for cyclone in New York and surrounding areas.,1
SHOCKING video shows hurricane in Paris was actually caused by aliens! Click here to watch.,0
Red Cross providing emergency aid to families affected by cyclone in Texas.,1
Meteorological department issues warning for tornado in Florida and surrounding areas.,1
Breaking: landslide has caused widespread damage in New York. Evacuation orders in place.,1
"Don't trust the news! There was no zombie virus in Sydney, it's all a hoax by the media.",0
Conspiracy theory: The alien invasion in Beijing was simulated using CGI.,0
Power outages and transport disruptions reported in California due to ongoing hurricane.,1
URGENT: Drinking bleach cures any radiation from the explosion in London!,0
UNBELIEVABLE: Government secret weapon caused the landslide in Texas!,0
Warning: wildfire in New York will destroy the entire continent by tomorrow! Run!,0
Leaked documents show that the tornado in London was predicted in a cartoon 10 years ago.,0
SHOCKING video shows government hoax in Mumbai was actually caused by aliens! Click here to watch.,0
A magnitude 6.8 flood hit Tokyo today. Local authorities advise caution.,1
Alert! Zombie outbreak reported after the hurricane in Manila. Spread this!,0
URGENT: Drinking bleach cures any radiation from the government hoax in Sydney!,0
"Official update: earthquake in Jakarta has been contained, but recovery efforts continue.",1
Conspiracy theory: The tornado in Jakarta was simulated using CGI.,0
URGENT: Drinking bleach cures any radiation from the hurricane in New York!,0
Leaked documents show that the landslide in Mumbai was predicted in a cartoon 10 years ago.,0
Local reports claim a giant sea monster caused the earthquake in California!,0
Officials confirm at least 96 injured after flood struck Manila last night.,1
Severe explosion reported in Mumbai. Emergency services are on the scene.,1
Rumor says the earthquake in Manila was staged by actors to control the population.,0
Conspiracy theory: The zombie virus in Texas was simulated using CGI.,0
"Official update: explosion in Sydney has been contained, but recovery efforts continue.",1
Officials confirm at least 75 injured after landslide struck New York last night.,1
Leaked documents show that the landslide in Beijing was predicted in a cartoon 10 years ago.,0
"Don't trust the news! There was no cyclone in Beijing, it's all a hoax by the media.",0
Rumor says the flood in Florida was staged by actors to control the population.,0
Local reports claim a giant sea monster caused the hurricane in Paris!,0
Casualties feared after a major cyclone occurred in Jakarta early this morning.,1
"Official update: cyclone in Jakarta has been contained, but recovery efforts continue.",1
"Don't trust the news! There was no cyclone in Paris, it's all a hoax by the media.",0
A magnitude 5.2 earthquake hit Jakarta today. Local authorities advise caution.,1
Red Cross providing emergency aid to families affected by hurricane in California.,1
A magnitude 8.0 flood hit New York today. Local authorities advise caution.,1
Casualties feared after a major explosion occurred in London early this morning.,1
Red Cross providing emergency aid to families affected by hurricane in Manila.,1
Officials confirm at least 131 injured after tornado struck Paris last night.,1
Officials confirm at least 20 injured after hurricane struck Tokyo last night.,1
Red Cross providing emergency aid to families affected by landslide in Florida.,1
Casualties feared after a major cyclone occurred in New York early this morning.,1
Casualties feared after a major cyclone occurred in Paris early this morning.,1
URGENT: Drinking bleach cures any radiation from the meteor strike in Jakarta!,0
Officials confirm at least 60 injured after landslide struck Sydney last night.,1
Officials confirm at least 21 injured after tornado struck Sydney last night.,1
Warning: hurricane in Tokyo will destroy the entire continent by tomorrow! Run!,0
Red Cross providing emergency aid to families affected by tornado in Beijing.,1
Severe flood reported in Tokyo. Emergency services are on the scene.,1
Red Cross providing emergency aid to families affected by landslide in Sydney.,1
"Don't trust the news! There was no volcanic eruption in New York, it's all a hoax by the media.",0
Casualties feared after a major earthquake occurred in Tokyo early this morning.,1
Alert! Zombie outbreak reported after the volcanic eruption in Manila. Spread this!,0
Breaking: hurricane has caused widespread damage in Beijing. Evacuation orders in place.,1
Breaking: explosion has caused widespread damage in London. Evacuation orders in place.,1
Severe tornado reported in Tokyo. Emergency services are on the scene.,1
Severe explosion reported in Paris. Emergency services are on the scene.,1
Search and rescue teams dispatched to Paris following a sudden explosion.,1
A magnitude 6.1 explosion hit Florida today. Local authorities advise caution.,1
Warning: tornado in Texas will destroy the entire continent by tomorrow! Run!,0
Warning: meteor strike in Paris will destroy the entire continent by tomorrow! Run!,0
Officials confirm at least 50 injured after flood struck New York last night.,1
A magnitude 5.5 flood hit Texas today. Local authorities advise caution.,1
UNBELIEVABLE: Government secret weapon caused the wildfire in Paris!,0
Leaked documents show that the cyclone in Tokyo was predicted in a cartoon 10 years ago.,0
Warning: tornado in New York will destroy the entire continent by tomorrow! Run!,0
Officials confirm at least 135 injured after landslide struck Texas last night.,1
Power outages and transport disruptions reported in Manila due to ongoing flood.,1
Search and rescue teams dispatched to New York following a sudden flood.,1
Severe wildfire reported in California. Emergency services are on the scene.,1
Alert! Zombie outbreak reported after the meteor strike in Paris. Spread this!,0
Leaked documents show that the government hoax in Mumbai was predicted in a cartoon 10 years ago.,0
Rumor says the zombie virus in California was staged by actors to control the population.,0
"Official update: landslide in Sydney has been contained, but recovery efforts continue.",1
Leaked documents show that the wildfire in Jakarta was predicted in a cartoon 10 years ago.,0
A magnitude 6.1 flood hit Florida today. Local authorities advise caution.,1
"Don't trust the news! There was no hurricane in London, it's all a hoax by the media.",0
Leaked documents show that the earthquake in Tokyo was predicted in a cartoon 10 years ago.,0
Warning: zombie virus in Florida will destroy the entire continent by tomorrow! Run!,0
Power outages and transport disruptions reported in Texas due to ongoing cyclone.,1
Leaked documents show that the meteor strike in Paris was predicted in a cartoon 10 years ago.,0
Casualties feared after a major wildfire occurred in New York early this morning.,1
Local reports claim a giant sea monster caused the monster attack in Paris!,0
Red Cross providing emergency aid to families affected by landslide in Paris.,1
Officials confirm at least 43 injured after earthquake struck Sydney last night.,1
Leaked documents show that the government hoax in Sydney was predicted in a cartoon 10 years ago.,0
Local reports claim a giant sea monster caused the tornado in Paris!,0
Officials confirm at least 139 injured after explosion struck Florida last night.,1
Leaked documents show that the landslide in Beijing was predicted in a cartoon 10 years ago.,0
"Don't trust the news! There was no monster attack in Sydney, it's all a hoax by the media.",0
Search and rescue teams dispatched to New York following a sudden tornado.,1
URGENT: Drinking bleach cures any radiation from the flood in Tokyo!,0
Rumor says the earthquake in Tokyo was staged by actors to control the population.,0
Warning: monster attack in Jakarta will destroy the entire continent by tomorrow! Run!,0
Warning: volcanic eruption in Jakarta will destroy the entire continent by tomorrow! Run!,0
Casualties feared after a major cyclone occurred in Manila early this morning.,1
Casualties feared after a major hurricane occurred in Sydney early this morning.,1
Conspiracy theory: The landslide in New York was simulated using CGI.,0
Search and rescue teams dispatched to Florida following a sudden earthquake.,1
Power outages and transport disruptions reported in Mumbai due to ongoing hurricane.,1
Severe landslide reported in Beijing. Emergency services are on the scene.,1
"Official update: explosion in Jakarta has been contained, but recovery efforts continue.",1
Casualties feared after a major landslide occurred in Tokyo early this morning.,1
Warning: wildfire in London will destroy the entire continent by tomorrow! Run!,0
Meteorological department issues warning for earthquake in Beijing and surrounding areas.,1
Meteorological department issues warning for flood in Sydney and surrounding areas.,1
Breaking: earthquake has caused widespread damage in Sydney. Evacuation orders in place.,1
UNBELIEVABLE: Government secret weapon caused the flood in Texas!,0
Leaked documents show that the flood in New York was predicted in a cartoon 10 years ago.,0
Warning: hurricane in Sydney will destroy the entire continent by tomorrow! Run!,0
Conspiracy theory: The volcanic eruption in Sydney was simulated using CGI.,0
Conspiracy theory: The landslide in Florida was simulated using CGI.,0
"Official update: wildfire in Florida has been contained, but recovery efforts continue.",1
Casualties feared after a major earthquake occurred in New York early this morning.,1
Casualties feared after a major landslide occurred in London early this morning.,1
"Official update: cyclone in New York has been contained, but recovery efforts continue.",1
Officials confirm at least 72 injured after hurricane struck Beijing last night.,1
Power outages and transport disruptions reported in Manila due to ongoing tornado.,1
"Don't trust the news! There was no explosion in London, it's all a hoax by the media.",0
Warning: wildfire in Paris will destroy the entire continent by tomorrow! Run!,0
Meteorological department issues warning for cyclone in Texas and surrounding areas.,1
Casualties feared after a major hurricane occurred in Paris early this morning.,1
Officials confirm at least 99 injured after landslide struck Texas last night.,1
Conspiracy theory: The monster attack in Mumbai was simulated using CGI.,0
Power outages and transport disruptions reported in London due to ongoing landslide.,1
Alert! Zombie outbreak reported after the monster attack in Tokyo. Spread this!,0
Severe wildfire reported in Jakarta. Emergency services are on the scene.,1
Power outages and transport disruptions reported in London due to ongoing tornado.,1
UNBELIEVABLE: Government secret weapon caused the earthquake in Tokyo!,0
Search and rescue teams dispatched to California following a sudden earthquake.,1
SHOCKING video shows meteor strike in London was actually caused by aliens! Click here to watch.,0
Breaking: explosion has caused widespread damage in Manila. Evacuation orders in place.,1
Conspiracy theory: The government hoax in Texas was simulated using CGI.,0
URGENT: Drinking bleach cures any radiation from the meteor strike in Florida!,0
"Official update: hurricane in Paris has been contained, but recovery efforts continue.",1
Leaked documents show that the wildfire in New York was predicted in a cartoon 10 years ago.,0
A magnitude 5.2 tornado hit Beijing today. Local authorities advise caution.,1
Breaking: explosion has caused widespread damage in Texas. Evacuation orders in place.,1
URGENT: Drinking bleach cures any radiation from the explosion in Texas!,0
UNBELIEVABLE: Government secret weapon caused the landslide in Paris!,0
"Don't trust the news! There was no hurricane in London, it's all a hoax by the media.",0
Red Cross providing emergency aid to families affected by landslide in London.,1
Meteorological department issues warning for flood in London and surrounding areas.,1
Breaking: hurricane has caused widespread damage in Jakarta. Evacuation orders in place.,1
Severe landslide reported in Sydney. Emergency services are on the scene.,1
SHOCKING video shows alien invasion in Mumbai was actually caused by aliens! Click here to watch.,0
Conspiracy theory: The flood in California was simulated using CGI.,0
Breaking: landslide has caused widespread damage in Florida. Evacuation orders in place.,1
A magnitude 7.6 flood hit Manila today. Local authorities advise caution.,1
Rumor says the landslide in London was staged by actors to control the population.,0
Warning: explosion in Texas will destroy the entire continent by tomorrow! Run!,0
Local reports claim a giant sea monster caused the landslide in Texas!,0
Local reports claim a giant sea monster caused the hurricane in Manila!,0
Breaking: tornado has caused widespread damage in Texas. Evacuation orders in place.,1
UNBELIEVABLE: Government secret weapon caused the cyclone in Paris!,0
Severe landslide reported in Florida. Emergency services are on the scene.,1
Meteorological department issues warning for explosion in Jakarta and surrounding areas.,1
A magnitude 7.6 hurricane hit New York today. Local authorities advise caution.,1
Leaked documents show that the zombie virus in Beijing was predicted in a cartoon 10 years ago.,0
"Official update: tornado in Tokyo has been contained, but recovery efforts continue.",1
SHOCKING video shows cyclone in Mumbai was actually caused by aliens! Click here to watch.,0
URGENT: Drinking bleach cures any radiation from the flood in London!,0
Meteorological department issues warning for landslide in Sydney and surrounding areas.,1
"Official update: flood in New York has been contained, but recovery efforts continue.",1
Officials confirm at least 106 injured after cyclone struck Manila last night.,1
Meteorological department issues warning for wildfire in Mumbai and surrounding areas.,1
Conspiracy theory: The volcanic eruption in Manila was simulated using CGI.,0
Alert! Zombie outbreak reported after the landslide in New York. Spread this!,0
Rumor says the monster attack in Mumbai was staged by actors to control the population.,0
Casualties feared after a major tornado occurred in Tokyo early this morning.,1
Local reports claim a giant sea monster caused the monster attack in California!,0
Officials confirm at least 64 injured after explosion struck New York last night.,1
UNBELIEVABLE: Government secret weapon caused the government hoax in Manila!,0
Leaked documents show that the zombie virus in London was predicted in a cartoon 10 years ago.,0
Breaking: landslide has caused widespread damage in Sydney. Evacuation orders in place.,1
"Don't trust the news! There was no monster attack in Mumbai, it's all a hoax by the media.",0
URGENT: Drinking bleach cures any radiation from the earthquake in Paris!,0
Breaking: wildfire has caused widespread damage in Texas. Evacuation orders in place.,1
Alert! Zombie outbreak reported after the landslide in Beijing. Spread this!,0
URGENT: Drinking bleach cures any radiation from the meteor strike in Tokyo!,0
Search and rescue teams dispatched to California following a sudden wildfire.,1
Red Cross providing emergency aid to families affected by hurricane in New York.,1
Severe cyclone reported in Texas. Emergency services are on the scene.,1
Power outages and transport disruptions reported in New York due to ongoing cyclone.,1
UNBELIEVABLE: Government secret weapon caused the landslide in Mumbai!,0
Search and rescue teams dispatched to Jakarta following a sudden flood.,1
SHOCKING video shows flood in Mumbai was actually caused by aliens! Click here to watch.,0
Local reports claim a giant sea monster caused the cyclone in Tokyo!,0
Officials confirm at least 137 injured after cyclone struck Manila last night.,1
Alert! Zombie outbreak reported after the alien invasion in Manila. Spread this!,0
Rumor says the alien invasion in Paris was staged by actors to control the population.,0
Severe earthquake reported in Beijing. Emergency services are on the scene.,1
Conspiracy theory: The landslide in Sydney was simulated using CGI.,0
Officials confirm at least 117 injured after explosion struck Jakarta last night.,1
Warning: tornado in Tokyo will destroy the entire continent by tomorrow! Run!,0
"Don't trust the news! There was no cyclone in London, it's all a hoax by the media.",0
Leaked documents show that the explosion in Mumbai was predicted in a cartoon 10 years ago.,0
"Official update: landslide in Sydney has been contained, but recovery efforts continue.",1
Search and rescue teams dispatched to London following a sudden explosion.,1
Red Cross providing emergency aid to families affected by wildfire in Sydney.,1
Casualties feared after a major tornado occurred in London early this morning.,1
SHOCKING video shows tornado in Florida was actually caused by aliens! Click here to watch.,0
URGENT: Drinking bleach cures any radiation from the government hoax in Beijing!,0
Search and rescue teams dispatched to Tokyo following a sudden landslide.,1
URGENT: Drinking bleach cures any radiation from the meteor strike in California!,0
UNBELIEVABLE: Government secret weapon caused the monster attack in London!,0
A magnitude 6.2 flood hit California today. Local authorities advise caution.,1
URGENT: Drinking bleach cures any radiation from the cyclone in Paris!,0
"Official update: earthquake in Mumbai has been contained, but recovery efforts continue.",1
A magnitude 5.3 wildfire hit Beijing today. Local authorities advise caution.,1
Search and rescue teams dispatched to New York following a sudden landslide.,1
Conspiracy theory: The wildfire in Manila was simulated using CGI.,0
"Official update: hurricane in Paris has been contained, but recovery efforts continue.",1
Alert! Zombie outbreak reported after the hurricane in London. Spread this!,0
Casualties feared after a major landslide occurred in California early this morning.,1
SHOCKING video shows tornado in Sydney was actually caused by aliens! Click here to watch.,0
Breaking: hurricane has caused widespread damage in Jakarta. Evacuation orders in place.,1
Casualties feared after a major explosion occurred in Tokyo early this morning.,1
"Official update: flood in Tokyo has been contained, but recovery efforts continue.",1
Meteorological department issues warning for tornado in Jakarta and surrounding areas.,1
Warning: wildfire in California will destroy the entire continent by tomorrow! Run!,0
"Don't trust the news! There was no alien invasion in California, it's all a hoax by the media.",0
"Official update: cyclone in Jakarta has been contained, but recovery efforts continue.",1
URGENT: Drinking bleach cures any radiation from the earthquake in Mumbai!,0
Leaked documents show that the earthquake in California was predicted in a cartoon 10 years ago.,0
Warning: monster attack in Jakarta will destroy the entire continent by tomorrow! Run!,0
SHOCKING video shows wildfire in Paris was actually caused by aliens! Click here to watch.,0
Leaked documents show that the cyclone in New York was predicted in a cartoon 10 years ago.,0
URGENT: Drinking bleach cures any radiation from the wildfire in Florida!,0
Search and rescue teams dispatched to New York following a sudden wildfire.,1
"Official update: earthquake in Manila has been contained, but recovery efforts continue.",1
URGENT: Drinking bleach cures any radiation from the earthquake in New York!,0
Power outages and transport disruptions reported in Florida due to ongoing tornado.,1
Severe tornado reported in Sydney. Emergency services are on the scene.,1
Casualties feared after a major cyclone occurred in Paris early this morning.,1
URGENT: Drinking bleach cures any radiation from the zombie virus in Florida!,0
Officials confirm at least 14 injured after landslide struck Beijing last night.,1
Alert! Zombie outbreak reported after the meteor strike in Mumbai. Spread this!,0
Conspiracy theory: The volcanic eruption in Florida was simulated using CGI.,0
"Don't trust the news! There was no cyclone in Mumbai, it's all a hoax by the media.",0
Officials confirm at least 35 injured after hurricane struck Sydney last night.,1
Officials confirm at least 54 injured after explosion struck Beijing last night.,1
Breaking: flood has caused widespread damage in Sydney. Evacuation orders in place.,1
Alert! Zombie outbreak reported after the tornado in California. Spread this!,0
Power outages and transport disruptions reported in California due to ongoing landslide.,1
SHOCKING video shows hurricane in Jakarta was actually caused by aliens! Click here to watch.,0
Rumor says the explosion in New York was staged by actors to control the population.,0
Officials confirm at least 49 injured after wildfire struck London last night.,1
Power outages and transport disruptions reported in Texas due to ongoing wildfire.,1
Casualties feared after a major flood occurred in Jakarta early this morning.,1
Meteorological department issues warning for landslide in Texas and surrounding areas.,1
Rumor says the volcanic eruption in Manila was staged by actors to control the population.,0
Red Cross providing emergency aid to families affected by earthquake in Manila.,1
Red Cross providing emergency aid to families affected by landslide in Texas.,1
Red Cross providing emergency aid to families affected by tornado in Paris.,1
Officials confirm at least 88 injured after cyclone struck Florida last night.,1
A magnitude 7.4 earthquake hit Sydney today. Local authorities advise caution.,1
"Official update: hurricane in Sydney has been contained, but recovery efforts continue.",1
Warning: cyclone in Tokyo will destroy the entire continent by tomorrow! Run!,0
Meteorological department issues warning for hurricane in London and surrounding areas.,1
SHOCKING video shows cyclone in London was actually caused by aliens! Click here to watch.,0
"Don't trust the news! There was no earthquake in California, it's all a hoax by the media.",0
Local reports claim a giant sea monster caused the earthquake in Florida!,0
Leaked documents show that the monster attack in Beijing was predicted in a cartoon 10 years ago.,0
A magnitude 7.4 tornado hit California today. Local authorities advise caution.,1
Casualties feared after a major earthquake occurred in Sydney early this morning.,1
"Official update: hurricane in Jakarta has been contained, but recovery efforts continue.",1
Breaking: tornado has caused widespread damage in Beijing. Evacuation orders in place.,1
SHOCKING video shows monster attack in New York was actually caused by aliens! Click here to watch.,0
Leaked documents show that the explosion in Sydney was predicted in a cartoon 10 years ago.,0
Severe hurricane reported in New York. Emergency services are on the scene.,1
Meteorological department issues warning for flood in Florida and surrounding areas.,1
"Official update: flood in Tokyo has been contained, but recovery efforts continue.",1
A magnitude 6.7 explosion hit Florida today. Local authorities advise caution.,1
Conspiracy theory: The cyclone in Florida was simulated using CGI.,0
A magnitude 7.9 earthquake hit Beijing today. Local authorities advise caution.,1
Officials confirm at least 28 injured after hurricane struck Manila last night.,1
A magnitude 7.8 landslide hit Paris today. Local authorities advise caution.,1
Meteorological department issues warning for earthquake in Mumbai and surrounding areas.,1
Alert! Zombie outbreak reported after the landslide in California. Spread this!,0
"Don't trust the news! There was no government hoax in Beijing, it's all a hoax by the media.",0
Alert! Zombie outbreak reported after the flood in Paris. Spread this!,0
"Don't trust the news! There was no wildfire in Manila, it's all a hoax by the media.",0
Local reports claim a giant sea monster caused the zombie virus in Manila!,0
SHOCKING video shows government hoax in Sydney was actually caused by aliens! Click here to watch.,0
Conspiracy theory: The zombie virus in Texas was simulated using CGI.,0
Local reports claim a giant sea monster caused the zombie virus in California!,0
SHOCKING video shows volcanic eruption in Sydney was actually caused by aliens! Click here to watch.,0
"Don't trust the news! There was no alien invasion in Beijing, it's all a hoax by the media.",0
"Don't trust the news! There was no landslide in Tokyo, it's all a hoax by the media.",0
Rumor says the flood in Florida was staged by actors to control the population.,0
URGENT: Drinking bleach cures any radiation from the tornado in Mumbai!,0
Alert! Zombie outbreak reported after the flood in Paris. Spread this!,0
URGENT: Drinking bleach cures any radiation from the zombie virus in Manila!,0
SHOCKING video shows wildfire in Jakarta was actually caused by aliens! Click here to watch.,0
URGENT: Drinking bleach cures any radiation from the monster attack in Tokyo!,0
UNBELIEVABLE: Government secret weapon caused the landslide in London!,0
Warning: tornado in Texas will destroy the entire continent by tomorrow! Run!,0
UNBELIEVABLE: Government secret weapon caused the tornado in New York!,0
Severe tornado reported in New York. Emergency services are on the scene.,1
Power outages and transport disruptions reported in Tokyo due to ongoing tornado.,1
Search and rescue teams dispatched to Sydney following a sudden hurricane.,1
Severe wildfire reported in Mumbai. Emergency services are on the scene.,1
Meteorological department issues warning for explosion in Mumbai and surrounding areas.,1
URGENT: Drinking bleach cures any radiation from the government hoax in Florida!,0
"Don't trust the news! There was no meteor strike in Jakarta, it's all a hoax by the media.",0
"Official update: flood in London has been contained, but recovery efforts continue.",1
UNBELIEVABLE: Government secret weapon caused the flood in California!,0
"Don't trust the news! There was no explosion in Jakarta, it's all a hoax by the media.",0
Meteorological department issues warning for explosion in Texas and surrounding areas.,1
Red Cross providing emergency aid to families affected by wildfire in Florida.,1
Officials confirm at least 84 injured after landslide struck London last night.,1
Officials confirm at least 54 injured after landslide struck Mumbai last night.,1
Severe cyclone reported in Manila. Emergency services are on the scene.,1
Search and rescue teams dispatched to Beijing following a sudden earthquake.,1
Rumor says the flood in London was staged by actors to control the population.,0
Local reports claim a giant sea monster caused the flood in Manila!,0
Rumor says the flood in Texas was staged by actors to control the population.,0
Red Cross providing emergency aid to families affected by earthquake in Paris.,1
Breaking: hurricane has caused widespread damage in Beijing. Evacuation orders in place.,1
"Don't trust the news! There was no alien invasion in Beijing, it's all a hoax by the media.",0
Red Cross providing emergency aid to families affected by flood in Beijing.,1
Red Cross providing emergency aid to families affected by landslide in New York.,1
A magnitude 7.3 cyclone hit Sydney today. Local authorities advise caution.,1
URGENT: Drinking bleach cures any radiation from the wildfire in Tokyo!,0
Conspiracy theory: The hurricane in Florida was simulated using CGI.,0
Casualties feared after a major hurricane occurred in California early this morning.,1
Meteorological department issues warning for cyclone in Manila and surrounding areas.,1
Local reports claim a giant sea monster caused the flood in Jakarta!,0
Red Cross providing emergency aid to families affected by explosion in Paris.,1
Alert! Zombie outbreak reported after the meteor strike in Florida. Spread this!,0
SHOCKING video shows government hoax in Mumbai was actually caused by aliens! Click here to watch.,0
Warning: explosion in Jakarta will destroy the entire continent by tomorrow! Run!,0
Conspiracy theory: The wildfire in Florida was simulated using CGI.,0
Leaked documents show that the government hoax in Manila was predicted in a cartoon 10 years ago.,0
"Official update: explosion in Paris has been contained, but recovery efforts continue.",1
Severe hurricane reported in New York. Emergency services are on the scene.,1
Local reports claim a giant sea monster caused the explosion in Paris!,0
"Official update: tornado in Paris has been contained, but recovery efforts continue.",1
Severe cyclone reported in Tokyo. Emergency services are on the scene.,1
Conspiracy theory: The tornado in Beijing was simulated using CGI.,0
Alert! Zombie outbreak reported after the hurricane in New York. Spread this!,0
"Official update: hurricane in California has been contained, but recovery efforts continue.",1
Officials confirm at least 150 injured after flood struck Jakarta last night.,1
A magnitude 5.8 explosion hit California today. Local authorities advise caution.,1
Power outages and transport disruptions reported in Paris due to ongoing flood.,1
Power outages and transport disruptions reported in California due to ongoing wildfire.,1
Meteorological department issues warning for flood in Manila and surrounding areas.,1
Alert! Zombie outbreak reported after the tornado in Florida. Spread this!,0
Leaked documents show that the zombie virus in Beijing was predicted in a cartoon 10 years ago.,0
Leaked documents show that the hurricane in London was predicted in a cartoon 10 years ago.,0
Power outages and transport disruptions reported in Tokyo due to ongoing tornado.,1
"Don't trust the news! There was no wildfire in Florida, it's all a hoax by the media.",0
Severe tornado reported in Beijing. Emergency services are on the scene.,1
Warning: explosion in California will destroy the entire continent by tomorrow! Run!,0
Power outages and transport disruptions reported in Florida due to ongoing earthquake.,1
Rumor says the earthquake in Florida was staged by actors to control the population.,0
Power outages and transport disruptions reported in Beijing due to ongoing wildfire.,1
UNBELIEVABLE: Government secret weapon caused the flood in Manila!,0
Officials confirm at least 111 injured after tornado struck Jakarta last night.,1
"Don't trust the news! There was no flood in Beijing, it's all a hoax by the media.",0
Leaked documents show that the flood in London was predicted in a cartoon 10 years ago.,0
URGENT: Drinking bleach cures any radiation from the alien invasion in Manila!,0
Local reports claim a giant sea monster caused the government hoax in New York!,0
Conspiracy theory: The explosion in Manila was simulated using CGI.,0
Breaking: tornado has caused widespread damage in New York. Evacuation orders in place.,1
Conspiracy theory: The government hoax in Mumbai was simulated using CGI.,0
Officials confirm at least 34 injured after wildfire struck Jakarta last night.,1
Meteorological department issues warning for cyclone in London and surrounding areas.,1
Alert! Zombie outbreak reported after the zombie virus in Tokyo. Spread this!,0
Red Cross providing emergency aid to families affected by explosion in California.,1
Conspiracy theory: The government hoax in Beijing was simulated using CGI.,0
Breaking: landslide has caused widespread damage in Paris. Evacuation orders in place.,1
Casualties feared after a major cyclone occurred in Texas early this morning.,1
URGENT: Drinking bleach cures any radiation from the flood in Paris!,0
Red Cross providing emergency aid to families affected by hurricane in Manila.,1
Alert! Zombie outbreak reported after the wildfire in Mumbai. Spread this!,0
UNBELIEVABLE: Government secret weapon caused the hurricane in Mumbai!,0
Power outages and transport disruptions reported in California due to ongoing earthquake.,1
URGENT: Drinking bleach cures any radiation from the cyclone in London!,0
Leaked documents show that the earthquake in Manila was predicted in a cartoon 10 years ago.,0
SHOCKING video shows zombie virus in New York was actually caused by aliens! Click here to watch.,0
Severe wildfire reported in New York. Emergency services are on the scene.,1
Meteorological department issues warning for landslide in Mumbai and surrounding areas.,1
Casualties feared after a major earthquake occurred in Manila early this morning.,1
Officials confirm at least 69 injured after explosion struck Jakarta last night.,1
Red Cross providing emergency aid to families affected by earthquake in Texas.,1
"Official update: explosion in London has been contained, but recovery efforts continue.",1
Meteorological department issues warning for flood in Texas and surrounding areas.,1
Meteorological department issues warning for flood in California and surrounding areas.,1
Alert! Zombie outbreak reported after the earthquake in Mumbai. Spread this!,0
Breaking: tornado has caused widespread damage in California. Evacuation orders in place.,1
"Official update: explosion in Mumbai has been contained, but recovery efforts continue.",1
"Don't trust the news! There was no earthquake in London, it's all a hoax by the media.",0
Meteorological department issues warning for hurricane in Jakarta and surrounding areas.,1
Meteorological department issues warning for landslide in Texas and surrounding areas.,1
"Don't trust the news! There was no explosion in Mumbai, it's all a hoax by the media.",0
Breaking: explosion has caused widespread damage in Florida. Evacuation orders in place.,1
UNBELIEVABLE: Government secret weapon caused the government hoax in Paris!,0
A magnitude 7.0 hurricane hit New York today. Local authorities advise caution.,1
Meteorological department issues warning for landslide in Beijing and surrounding areas.,1
A magnitude 5.9 cyclone hit Texas today. Local authorities advise caution.,1
Leaked documents show that the volcanic eruption in Sydney was predicted in a cartoon 10 years ago.,0
"Official update: earthquake in Texas has been contained, but recovery efforts continue.",1
A magnitude 6.4 hurricane hit Florida today. Local authorities advise caution.,1
"Official update: wildfire in London has been contained, but recovery efforts continue.",1
Severe explosion reported in Tokyo. Emergency services are on the scene.,1
Meteorological department issues warning for tornado in Florida and surrounding areas.,1
Warning: landslide in Paris will destroy the entire continent by tomorrow! Run!,0
Conspiracy theory: The zombie virus in Tokyo was simulated using CGI.,0
Conspiracy theory: The landslide in Tokyo was simulated using CGI.,0
Breaking: flood has caused widespread damage in Paris. Evacuation orders in place.,1
Severe earthquake reported in New York. Emergency services are on the scene.,1
Severe cyclone reported in Sydney. Emergency services are on the scene.,1
Alert! Zombie outbreak reported after the hurricane in Florida. Spread this!,0
Red Cross providing emergency aid to families affected by hurricane in Paris.,1
Power outages and transport disruptions reported in Tokyo due to ongoing tornado.,1
Rumor says the alien invasion in Beijing was staged by actors to control the population.,0
A magnitude 5.2 earthquake hit Tokyo today. Local authorities advise caution.,1
"Official update: tornado in Florida has been contained, but recovery efforts continue.",1
Warning: volcanic eruption in New York will destroy the entire continent by tomorrow! Run!,0
Search and rescue teams dispatched to Texas following a sudden earthquake.,1
"Official update: flood in London has been contained, but recovery efforts continue.",1
Casualties feared after a major hurricane occurred in Beijing early this morning.,1
URGENT: Drinking bleach cures any radiation from the zombie virus in Florida!,0
Alert! Zombie outbreak reported after the earthquake in Beijing. Spread this!,0
Breaking: earthquake has caused widespread damage in Beijing. Evacuation orders in place.,1
"Don't trust the news! There was no earthquake in California, it's all a hoax by the media.",0
Alert! Zombie outbreak reported after the meteor strike in Manila. Spread this!,0
Leaked documents show that the landslide in Beijing was predicted in a cartoon 10 years ago.,0
"Official update: cyclone in Beijing has been contained, but recovery efforts continue.",1
Conspiracy theory: The tornado in Tokyo was simulated using CGI.,0
Leaked documents show that the alien invasion in Jakarta was predicted in a cartoon 10 years ago.,0
Red Cross providing emergency aid to families affected by landslide in Paris.,1
Conspiracy theory: The wildfire in Tokyo was simulated using CGI.,0
Severe wildfire reported in Sydney. Emergency services are on the scene.,1
Alert! Zombie outbreak reported after the wildfire in Tokyo. Spread this!,0
Warning: cyclone in California will destroy the entire continent by tomorrow! Run!,0
Severe landslide reported in New York. Emergency services are on the scene.,1
Rumor says the volcanic eruption in Sydney was staged by actors to control the population.,0
Breaking: landslide has caused widespread damage in Florida. Evacuation orders in place.,1
Local reports claim a giant sea monster caused the meteor strike in Beijing!,0
Severe hurricane reported in Jakarta. Emergency services are on the scene.,1
Casualties feared after a major cyclone occurred in Texas early this morning.,1
Severe cyclone reported in New York. Emergency services are on the scene.,1
Local reports claim a giant sea monster caused the cyclone in London!,0
Conspiracy theory: The explosion in Tokyo was simulated using CGI.,0
Power outages and transport disruptions reported in Texas due to ongoing hurricane.,1
Red Cross providing emergency aid to families affected by cyclone in California.,1
Officials confirm at least 16 injured after earthquake struck Mumbai last night.,1
Casualties feared after a major landslide occurred in Florida early this morning.,1
SHOCKING video shows cyclone in Texas was actually caused by aliens! Click here to watch.,0
SHOCKING video shows government hoax in Tokyo was actually caused by aliens! Click here to watch.,0
"Official update: flood in Texas has been contained, but recovery efforts continue.",1
Warning: alien invasion in London will destroy the entire continent by tomorrow! Run!,0
Search and rescue teams dispatched to Paris following a sudden earthquake.,1
Leaked documents show that the landslide in Manila was predicted in a cartoon 10 years ago.,0
Casualties feared after a major explosion occurred in Tokyo early this morning.,1
Casualties feared after a major landslide occurred in Jakarta early this morning.,1
Officials confirm at least 115 injured after tornado struck Manila last night.,1
Severe tornado reported in Paris. Emergency services are on the scene.,1
Local reports claim a giant sea monster caused the alien invasion in London!,0
SHOCKING video shows tornado in Beijing was actually caused by aliens! Click here to watch.,0
UNBELIEVABLE: Government secret weapon caused the alien invasion in Jakarta!,0
SHOCKING video shows government hoax in Sydney was actually caused by aliens! Click here to watch.,0
SHOCKING video shows alien invasion in Mumbai was actually caused by aliens! Click here to watch.,0
Warning: alien invasion in California will destroy the entire continent by tomorrow! Run!,0
Alert! Zombie outbreak reported after the monster attack in New York. Spread this!,0
Casualties feared after a major wildfire occurred in Jakarta early this morning.,1
Power outages and transport disruptions reported in Manila due to ongoing flood.,1
Casualties feared after a major flood occurred in Jakarta early this morning.,1
SHOCKING video shows flood in Paris was actually caused by aliens! Click here to watch.,0
Officials confirm at least 52 injured after explosion struck Paris last night.,1
A magnitude 5.5 cyclone hit Paris today. Local authorities advise caution.,1
Rumor says the cyclone in Sydney was staged by actors to control the population.,0
Casualties feared after a major flood occurred in Paris early this morning.,1
Alert! Zombie outbreak reported after the government hoax in Paris. Spread this!,0
UNBELIEVABLE: Government secret weapon caused the wildfire in Sydney!,0
Local reports claim a giant sea monster caused the government hoax in Florida!,0
"Don't trust the news! There was no meteor strike in Texas, it's all a hoax by the media.",0
Officials confirm at least 43 injured after flood struck New York last night.,1
Warning: zombie virus in Texas will destroy the entire continent by tomorrow! Run!,0
SHOCKING video shows flood in Manila was actually caused by aliens! Click here to watch.,0
Alert! Zombie outbreak reported after the tornado in Jakarta. Spread this!,0
Breaking: explosion has caused widespread damage in Tokyo. Evacuation orders in place.,1
Search and rescue teams dispatched to Manila following a sudden earthquake.,1
Leaked documents show that the alien invasion in Jakarta was predicted in a cartoon 10 years ago.,0
"Official update: tornado in Sydney has been contained, but recovery efforts continue.",1
SHOCKING video shows meteor strike in Mumbai was actually caused by aliens! Click here to watch.,0
Search and rescue teams dispatched to Manila following a sudden landslide.,1
Breaking: flood has caused widespread damage in Mumbai. Evacuation orders in place.,1
Alert! Zombie outbreak reported after the flood in Florida. Spread this!,0
Severe cyclone reported in Sydney. Emergency services are on the scene.,1
Local reports claim a giant sea monster caused the zombie virus in Florida!,0
Power outages and transport disruptions reported in Tokyo due to ongoing cyclone.,1
A magnitude 7.3 flood hit Florida today. Local authorities advise caution.,1
Leaked documents show that the explosion in London was predicted in a cartoon 10 years ago.,0
A magnitude 6.4 landslide hit Florida today. Local authorities advise caution.,1
A magnitude 7.4 cyclone hit Paris today. Local authorities advise caution.,1
Search and rescue teams dispatched to London following a sudden earthquake.,1
Casualties feared after a major landslide occurred in Jakarta early this morning.,1
Officials confirm at least 136 injured after flood struck Paris last night.,1
A magnitude 5.1 cyclone hit California today. Local authorities advise caution.,1
Power outages and transport disruptions reported in Mumbai due to ongoing flood.,1
Red Cross providing emergency aid to families affected by explosion in Florida.,1
Breaking: hurricane has caused widespread damage in Manila. Evacuation orders in place.,1
Rumor says the cyclone in Texas was staged by actors to control the population.,0
URGENT: Drinking bleach cures any radiation from the alien invasion in Texas!,0
A magnitude 5.9 flood hit Sydney today. Local authorities advise caution.,1
Alert! Zombie outbreak reported after the meteor strike in Manila. Spread this!,0
Meteorological department issues warning for explosion in Jakarta and surrounding areas.,1
Leaked documents show that the meteor strike in Beijing was predicted in a cartoon 10 years ago.,0
Search and rescue teams dispatched to California following a sudden flood.,1
"Official update: hurricane in Mumbai has been contained, but recovery efforts continue.",1
Conspiracy theory: The meteor strike in Manila was simulated using CGI.,0
Rumor says the tornado in Mumbai was staged by actors to control the population.,0
Officials confirm at least 57 injured after tornado struck Paris last night.,1
Conspiracy theory: The hurricane in Sydney was simulated using CGI.,0
Breaking: wildfire has caused widespread damage in London. Evacuation orders in place.,1
Power outages and transport disruptions reported in Beijing due to ongoing earthquake.,1
Power outages and transport disruptions reported in Jakarta due to ongoing tornado.,1
Leaked documents show that the earthquake in California was predicted in a cartoon 10 years ago.,0
SHOCKING video shows cyclone in California was actually caused by aliens! Click here to watch.,0
Leaked documents show that the tornado in Mumbai was predicted in a cartoon 10 years ago.,0
Casualties feared after a major cyclone occurred in Tokyo early this morning.,1
Breaking: tornado has caused widespread damage in Mumbai. Evacuation orders in place.,1
Red Cross providing emergency aid to families affected by hurricane in California.,1
A magnitude 5.2 landslide hit New York today. Local authorities advise caution.,1
Casualties feared after a major hurricane occurred in Mumbai early this morning.,1
Power outages and transport disruptions reported in California due to ongoing cyclone.,1
"Official update: cyclone in Sydney has been contained, but recovery efforts continue.",1
Power outages and transport disruptions reported in London due to ongoing wildfire.,1
Red Cross providing emergency aid to families affected by landslide in Mumbai.,1
Red Cross providing emergency aid to families affected by hurricane in Texas.,1
Alert! Zombie outbreak reported after the meteor strike in Tokyo. Spread this!,0
Casualties feared after a major earthquake occurred in Florida early this morning.,1
Power outages and transport disruptions reported in Mumbai due to ongoing flood.,1
"Official update: hurricane in Paris has been contained, but recovery efforts continue.",1
"Don't trust the news! There was no cyclone in London, it's all a hoax by the media.",0
Breaking: landslide has caused widespread damage in California. Evacuation orders in place.,1
Meteorological department issues warning for landslide in Manila and surrounding areas.,1
Power outages and transport disruptions reported in Mumbai due to ongoing explosion.,1
A magnitude 6.9 hurricane hit Manila today. Local authorities advise caution.,1
UNBELIEVABLE: Government secret weapon caused the alien invasion in Tokyo!,0
Leaked documents show that the flood in Texas was predicted in a cartoon 10 years ago.,0
Breaking: tornado has caused widespread damage in Paris. Evacuation orders in place.,1
Officials confirm at least 61 injured after flood struck Paris last night.,1
A magnitude 6.0 tornado hit Paris today. Local authorities advise caution.,1
Warning: tornado in Paris will destroy the entire continent by tomorrow! Run!,0
Meteorological department issues warning for wildfire in London and surrounding areas.,1
Casualties feared after a major landslide occurred in Texas early this morning.,1
Breaking: flood has caused widespread damage in Florida. Evacuation orders in place.,1
Severe earthquake reported in Florida. Emergency services are on the scene.,1
Red Cross providing emergency aid to families affected by landslide in New York.,1
Rumor says the monster attack in Paris was staged by actors to control the population.,0
Search and rescue teams dispatched to Paris following a sudden cyclone.,1
"Official update: earthquake in London has been contained, but recovery efforts continue.",1
Local reports claim a giant sea monster caused the landslide in New York!,0
Leaked documents show that the volcanic eruption in Beijing was predicted in a cartoon 10 years ago.,0
Red Cross providing emergency aid to families affected by landslide in Sydney.,1
UNBELIEVABLE: Government secret weapon caused the volcanic eruption in Jakarta!,0
Alert! Zombie outbreak reported after the government hoax in Paris. Spread this!,0
A magnitude 6.1 hurricane hit Mumbai today. Local authorities advise caution.,1
Red Cross providing emergency aid to families affected by explosion in Mumbai.,1
Rumor says the wildfire in Mumbai was staged by actors to control the population.,0
Red Cross providing emergency aid to families affected by hurricane in Paris.,1
Conspiracy theory: The cyclone in Tokyo was simulated using CGI.,0
Severe cyclone reported in London. Emergency services are on the scene.,1
Alert! Zombie outbreak reported after the tornado in California. Spread this!,0
Warning: flood in Paris will destroy the entire continent by tomorrow! Run!,0
Breaking: flood has caused widespread damage in Beijing. Evacuation orders in place.,1
Leaked documents show that the hurricane in London was predicted in a cartoon 10 years ago.,0
Conspiracy theory: The tornado in California was simulated using CGI.,0
Alert! Zombie outbreak reported after the explosion in Mumbai. Spread this!,0
Severe wildfire reported in Jakarta. Emergency services are on the scene.,1
UNBELIEVABLE: Government secret weapon caused the volcanic eruption in London!,0
"Don't trust the news! There was no landslide in Beijing, it's all a hoax by the media.",0
Breaking: landslide has caused widespread damage in Manila. Evacuation orders in place.,1
Power outages and transport disruptions reported in Tokyo due to ongoing landslide.,1
Officials confirm at least 137 injured after flood struck Jakarta last night.,1
Search and rescue teams dispatched to Texas following a sudden hurricane.,1
Search and rescue teams dispatched to Texas following a sudden explosion.,1
A magnitude 8.2 earthquake hit Texas today. Local authorities advise caution.,1
Search and rescue teams dispatched to Paris following a sudden flood.,1
Search and rescue teams dispatched to Jakarta following a sudden landslide.,1
"Official update: wildfire in Texas has been contained, but recovery efforts continue.",1
"Don't trust the news! There was no volcanic eruption in Beijing, it's all a hoax by the media.",0
SHOCKING video shows cyclone in Mumbai was actually caused by aliens! Click here to watch.,0
Severe flood reported in Paris. Emergency services are on the scene.,1
Rumor says the hurricane in Sydney was staged by actors to control the population.,0
Red Cross providing emergency aid to families affected by wildfire in Manila.,1
Severe earthquake reported in Texas. Emergency services are on the scene.,1
Warning: wildfire in New York will destroy the entire continent by tomorrow! Run!,0
Red Cross providing emergency aid to families affected by explosion in Manila.,1
Red Cross providing emergency aid to families affected by explosion in California.,1
Conspiracy theory: The hurricane in Manila was simulated using CGI.,0
Leaked documents show that the explosion in Sydney was predicted in a cartoon 10 years ago.,0
Local reports claim a giant sea monster caused the explosion in Florida!,0
"Official update: cyclone in New York has been contained, but recovery efforts continue.",1
Red Cross providing emergency aid to families affected by wildfire in Paris.,1
Meteorological department issues warning for earthquake in Beijing and surrounding areas.,1
"Don't trust the news! There was no hurricane in Tokyo, it's all a hoax by the media.",0
Alert! Zombie outbreak reported after the wildfire in Sydney. Spread this!,0
URGENT: Drinking bleach cures any radiation from the zombie virus in Beijing!,0
Conspiracy theory: The government hoax in Paris was simulated using CGI.,0
Warning: zombie virus in Beijing will destroy the entire continent by tomorrow! Run!,0
Red Cross providing emergency aid to families affected by explosion in Sydney.,1
Meteorological department issues warning for landslide in New York and surrounding areas.,1
Officials confirm at least 57 injured after tornado struck Sydney last night.,1
Conspiracy theory: The cyclone in Jakarta was simulated using CGI.,0
Search and rescue teams dispatched to London following a sudden wildfire.,1
Local reports claim a giant sea monster caused the explosion in Manila!,0
Officials confirm at least 134 injured after explosion struck Beijing last night.,1
A magnitude 6.6 earthquake hit Texas today. Local authorities advise caution.,1
Local reports claim a giant sea monster caused the hurricane in Manila!,0
URGENT: Drinking bleach cures any radiation from the landslide in New York!,0
UNBELIEVABLE: Government secret weapon caused the monster attack in Florida!,0
URGENT: Drinking bleach cures any radiation from the monster attack in Beijing!,0
SHOCKING video shows wildfire in Tokyo was actually caused by aliens! Click here to watch.,0
Alert! Zombie outbreak reported after the cyclone in Texas. Spread this!,0
Leaked documents show that the landslide in Sydney was predicted in a cartoon 10 years ago.,0
Casualties feared after a major landslide occurred in Tokyo early this morning.,1
UNBELIEVABLE: Government secret weapon caused the government hoax in Florida!,0
Red Cross providing emergency aid to families affected by tornado in London.,1
Alert! Zombie outbreak reported after the volcanic eruption in California. Spread this!,0
Breaking: landslide has caused widespread damage in Manila. Evacuation orders in place.,1
Warning: explosion in Texas will destroy the entire continent by tomorrow! Run!,0
"Don't trust the news! There was no monster attack in Beijing, it's all a hoax by the media.",0
"Don't trust the news! There was no cyclone in Manila, it's all a hoax by the media.",0
Casualties feared after a major wildfire occurred in Mumbai early this morning.,1
Alert! Zombie outbreak reported after the landslide in Paris. Spread this!,0
Power outages and transport disruptions reported in Mumbai due to ongoing cyclone.,1
Red Cross providing emergency aid to families affected by explosion in New York.,1
SHOCKING video shows alien invasion in Sydney was actually caused by aliens! Click here to watch.,0
Rumor says the landslide in Sydney was staged by actors to control the population.,0
URGENT: Drinking bleach cures any radiation from the wildfire in Jakarta!,0
A magnitude 5.4 hurricane hit Tokyo today. Local authorities advise caution.,1
"Official update: tornado in California has been contained, but recovery efforts continue.",1
Leaked documents show that the explosion in Paris was predicted in a cartoon 10 years ago.,0
"Don't trust the news! There was no tornado in Texas, it's all a hoax by the media.",0
URGENT: Drinking bleach cures any radiation from the zombie virus in Tokyo!,0
Breaking: hurricane has caused widespread damage in Sydney. Evacuation orders in place.,1
A magnitude 8.0 flood hit Jakarta today. Local authorities advise caution.,1
Leaked documents show that the cyclone in Florida was predicted in a cartoon 10 years ago.,0
URGENT: Drinking bleach cures any radiation from the earthquake in Tokyo!,0
URGENT: Drinking bleach cures any radiation from the earthquake in New York!,0
Local reports claim a giant sea monster caused the government hoax in Manila!,0
Casualties feared after a major hurricane occurred in Paris early this morning.,1
UNBELIEVABLE: Government secret weapon caused the volcanic eruption in California!,0
Warning: earthquake in Florida will destroy the entire continent by tomorrow! Run!,0
Breaking: flood has caused widespread damage in New York. Evacuation orders in place.,1
Rumor says the cyclone in California was staged by actors to control the population.,0
Officials confirm at least 72 injured after cyclone struck Florida last night.,1
Local reports claim a giant sea monster caused the flood in Tokyo!,0
"Don't trust the news! There was no tornado in Beijing, it's all a hoax by the media.",0
"Official update: wildfire in Sydney has been contained, but recovery efforts continue.",1
Leaked documents show that the hurricane in Jakarta was predicted in a cartoon 10 years ago.,0
URGENT: Drinking bleach cures any radiation from the volcanic eruption in Sydney!,0
Warning: cyclone in Manila will destroy the entire continent by tomorrow! Run!,0
Local reports claim a giant sea monster caused the volcanic eruption in Texas!,0
Conspiracy theory: The government hoax in Florida was simulated using CGI.,0
Breaking: cyclone has caused widespread damage in Sydney. Evacuation orders in place.,1
Warning: cyclone in London will destroy the entire continent by tomorrow! Run!,0
Rumor says the tornado in Mumbai was staged by actors to control the population.,0
A magnitude 7.3 explosion hit Manila today. Local authorities advise caution.,1
"Don't trust the news! There was no hurricane in Tokyo, it's all a hoax by the media.",0
Leaked documents show that the government hoax in Jakarta was predicted in a cartoon 10 years ago.,0
Severe flood reported in Florida. Emergency services are on the scene.,1
UNBELIEVABLE: Government secret weapon caused the zombie virus in Mumbai!,0
Conspiracy theory: The landslide in Florida was simulated using CGI.,0
Warning: landslide in Paris will destroy the entire continent by tomorrow! Run!,0
Rumor says the monster attack in Mumbai was staged by actors to control the population.,0
Casualties feared after a major flood occurred in Tokyo early this morning.,1
"Don't trust the news! There was no hurricane in Tokyo, it's all a hoax by the media.",0
Meteorological department issues warning for hurricane in Paris and surrounding areas.,1
Meteorological department issues warning for flood in Texas and surrounding areas.,1
Breaking: wildfire has caused widespread damage in California. Evacuation orders in place.,1
Conspiracy theory: The landslide in Florida was simulated using CGI.,0
Local reports claim a giant sea monster caused the flood in Beijing!,0
"Official update: tornado in Sydney has been contained, but recovery efforts continue.",1
"Official update: explosion in New York has been contained, but recovery efforts continue.",1
Severe earthquake reported in Jakarta. Emergency services are on the scene.,1
Search and rescue teams dispatched to Florida following a sudden cyclone.,1
Red Cross providing emergency aid to families affected by cyclone in London.,1
Search and rescue teams dispatched to Jakarta following a sudden tornado.,1
Power outages and transport disruptions reported in Jakarta due to ongoing landslide.,1
Conspiracy theory: The tornado in London was simulated using CGI.,0
"Don't trust the news! There was no flood in Sydney, it's all a hoax by the media.",0
Rumor says the monster attack in Manila was staged by actors to control the population.,0
Warning: wildfire in London will destroy the entire continent by tomorrow! Run!,0
Warning: monster attack in Manila will destroy the entire continent by tomorrow! Run!,0
Local reports claim a giant sea monster caused the meteor strike in Mumbai!,0
Power outages and transport disruptions reported in Manila due to ongoing hurricane.,1
Local reports claim a giant sea monster caused the explosion in Manila!,0
UNBELIEVABLE: Government secret weapon caused the zombie virus in London!,0
A magnitude 6.3 earthquake hit Beijing today. Local authorities advise caution.,1
UNBELIEVABLE: Government secret weapon caused the volcanic eruption in London!,0
Warning: flood in Paris will destroy the entire continent by tomorrow! Run!,0
Power outages and transport disruptions reported in Mumbai due to ongoing tornado.,1
Power outages and transport disruptions reported in Manila due to ongoing wildfire.,1
Conspiracy theory: The zombie virus in Jakarta was simulated using CGI.,0
Severe flood reported in Paris. Emergency services are on the scene.,1
Alert! Zombie outbreak reported after the zombie virus in Paris. Spread this!,0
Conspiracy theory: The meteor strike in London was simulated using CGI.,0
Alert! Zombie outbreak reported after the government hoax in Texas. Spread this!,0
Leaked documents show that the monster attack in Tokyo was predicted in a cartoon 10 years ago.,0
Alert! Zombie outbreak reported after the explosion in Jakarta. Spread this!,0
Casualties feared after a major cyclone occurred in Beijing early this morning.,1
SHOCKING video shows tornado in Paris was actually caused by aliens! Click here to watch.,0
Leaked documents show that the meteor strike in New York was predicted in a cartoon 10 years ago.,0
Leaked documents show that the monster attack in Mumbai was predicted in a cartoon 10 years ago.,0
Casualties feared after a major flood occurred in Jakarta early this morning.,1
Casualties feared after a major landslide occurred in Jakarta early this morning.,1
Leaked documents show that the landslide in Mumbai was predicted in a cartoon 10 years ago.,0
Red Cross providing emergency aid to families affected by wildfire in Tokyo.,1
Red Cross providing emergency aid to families affected by wildfire in California.,1
Conspiracy theory: The earthquake in Sydney was simulated using CGI.,0
Conspiracy theory: The landslide in Beijing was simulated using CGI.,0
"Official update: hurricane in Tokyo has been contained, but recovery efforts continue.",1
Local reports claim a giant sea monster caused the landslide in Manila!,0
UNBELIEVABLE: Government secret weapon caused the alien invasion in California!,0
Search and rescue teams dispatched to Beijing following a sudden explosion.,1
UNBELIEVABLE: Government secret weapon caused the hurricane in London!,0
Leaked documents show that the alien invasion in Manila was predicted in a cartoon 10 years ago.,0
Alert! Zombie outbreak reported after the cyclone in Paris. Spread this!,0
SHOCKING video shows cyclone in New York was actually caused by aliens! Click here to watch.,0
URGENT: Drinking bleach cures any radiation from the monster attack in Tokyo!,0
"Don't trust the news! There was no earthquake in Manila, it's all a hoax by the media.",0
Rumor says the flood in Beijing was staged by actors to control the population.,0
UNBELIEVABLE: Government secret weapon caused the meteor strike in Beijing!,0
Conspiracy theory: The flood in Manila was simulated using CGI.,0
Warning: flood in Beijing will destroy the entire continent by tomorrow! Run!,0
SHOCKING video shows explosion in Paris was actually caused by aliens! Click here to watch.,0
Warning: government hoax in New York will destroy the entire continent by tomorrow! Run!,0
Search and rescue teams dispatched to Florida following a sudden cyclone.,1
Meteorological department issues warning for tornado in Texas and surrounding areas.,1
Warning: zombie virus in Paris will destroy the entire continent by tomorrow! Run!,0
SHOCKING video shows zombie virus in Manila was actually caused by aliens! Click here to watch.,0
Local reports claim a giant sea monster caused the monster attack in Florida!,0
Red Cross providing emergency aid to families affected by explosion in New York.,1
"Official update: earthquake in Manila has been contained, but recovery efforts continue.",1
Breaking: cyclone has caused widespread damage in New York. Evacuation orders in place.,1
SHOCKING video shows flood in California was actually caused by aliens! Click here to watch.,0
UNBELIEVABLE: Government secret weapon caused the wildfire in Sydney!,0
Warning: monster attack in Manila will destroy the entire continent by tomorrow! Run!,0
UNBELIEVABLE: Government secret weapon caused the government hoax in New York!,0
Severe cyclone reported in London. Emergency services are on the scene.,1
Red Cross providing emergency aid to families affected by tornado in Beijing.,1
Red Cross providing emergency aid to families affected by explosion in California.,1
Search and rescue teams dispatched to Jakarta following a sudden cyclone.,1
Local reports claim a giant sea monster caused the explosion in Paris!,0
Rumor says the zombie virus in Paris was staged by actors to control the population.,0
Power outages and transport disruptions reported in New York due to ongoing flood.,1
Officials confirm at least 22 injured after explosion struck California last night.,1
Red Cross providing emergency aid to families affected by earthquake in Jakarta.,1
Severe hurricane reported in London. Emergency services are on the scene.,1
"Official update: landslide in New York has been contained, but recovery efforts continue.",1
Rumor says the zombie virus in Jakarta was staged by actors to control the population.,0
Casualties feared after a major flood occurred in California early this morning.,1
Warning: monster attack in Paris will destroy the entire continent by tomorrow! Run!,0
Breaking: flood has caused widespread damage in Beijing. Evacuation orders in place.,1
"Don't trust the news! There was no government hoax in Tokyo, it's all a hoax by the media.",0
Conspiracy theory: The meteor strike in Beijing was simulated using CGI.,0
Warning: earthquake in Mumbai will destroy the entire continent by tomorrow! Run!,0
Meteorological department issues warning for earthquake in Sydney and surrounding areas.,1
"Don't trust the news! There was no hurricane in Paris, it's all a hoax by the media.",0
Officials confirm at least 31 injured after hurricane struck London last night.,1
Meteorological department issues warning for earthquake in Florida and surrounding areas.,1
Conspiracy theory: The flood in Tokyo was simulated using CGI.,0
Search and rescue teams dispatched to Paris following a sudden cyclone.,1
Local reports claim a giant sea monster caused the flood in Manila!,0
SHOCKING video shows explosion in Jakarta was actually caused by aliens! Click here to watch.,0
Conspiracy theory: The cyclone in Beijing was simulated using CGI.,0
"Don't trust the news! There was no monster attack in New York, it's all a hoax by the media.",0
Severe explosion reported in New York. Emergency services are on the scene.,1
"Don't trust the news! There was no explosion in Manila, it's all a hoax by the media.",0
Red Cross providing emergency aid to families affected by flood in Beijing.,1
URGENT: Drinking bleach cures any radiation from the landslide in New York!,0
Red Cross providing emergency aid to families affected by earthquake in Jakarta.,1
UNBELIEVABLE: Government secret weapon caused the government hoax in London!,0
Search and rescue teams dispatched to California following a sudden wildfire.,1
"Don't trust the news! There was no government hoax in Florida, it's all a hoax by the media.",0
Conspiracy theory: The hurricane in Paris was simulated using CGI.,0
Search and rescue teams dispatched to London following a sudden wildfire.,1
Leaked documents show that the hurricane in New York was predicted in a cartoon 10 years ago.,0
A magnitude 8.1 flood hit Florida today. Local authorities advise caution.,1
UNBELIEVABLE: Government secret weapon caused the volcanic eruption in London!,0
Red Cross providing emergency aid to families affected by wildfire in Sydney.,1
Casualties feared after a major earthquake occurred in Texas early this morning.,1
Meteorological department issues warning for flood in Florida and surrounding areas.,1
Warning: meteor strike in Mumbai will destroy the entire continent by tomorrow! Run!,0
Casualties feared after a major earthquake occurred in Texas early this morning.,1
Leaked documents show that the landslide in Mumbai was predicted in a cartoon 10 years ago.,0
Power outages and transport disruptions reported in New York due to ongoing tornado.,1
Power outages and transport disruptions reported in Jakarta due to ongoing hurricane.,1
Red Cross providing emergency aid to families affected by explosion in London.,1
Severe hurricane reported in Florida. Emergency services are on the scene.,1
UNBELIEVABLE: Government secret weapon caused the hurricane in Beijing!,0
Casualties feared after a major landslide occurred in Beijing early this morning.,1
Alert! Zombie outbreak reported after the landslide in Mumbai. Spread this!,0
Search and rescue teams dispatched to Mumbai following a sudden cyclone.,1
"Official update: flood in London has been contained, but recovery efforts continue.",1
UNBELIEVABLE: Government secret weapon caused the wildfire in Paris!,0
Red Cross providing emergency aid to families affected by landslide in Jakarta.,1
Leaked documents show that the government hoax in Florida was predicted in a cartoon 10 years ago.,0
Power outages and transport disruptions reported in Florida due to ongoing landslide.,1
Power outages and transport disruptions reported in Tokyo due to ongoing hurricane.,1
Conspiracy theory: The tornado in Texas was simulated using CGI.,0
Red Cross providing emergency aid to families affected by hurricane in New York.,1
Rumor says the tornado in Paris was staged by actors to control the population.,0
Severe earthquake reported in London. Emergency services are on the scene.,1
Breaking: wildfire has caused widespread damage in New York. Evacuation orders in place.,1
Local reports claim a giant sea monster caused the hurricane in Paris!,0
URGENT: Drinking bleach cures any radiation from the zombie virus in Manila!,0
"Don't trust the news! There was no cyclone in Texas, it's all a hoax by the media.",0
Search and rescue teams dispatched to Beijing following a sudden cyclone.,1
A magnitude 8.2 earthquake hit Manila today. Local authorities advise caution.,1
Local reports claim a giant sea monster caused the hurricane in London!,0
Conspiracy theory: The tornado in Paris was simulated using CGI.,0
Leaked documents show that the government hoax in Sydney was predicted in a cartoon 10 years ago.,0
Rumor says the cyclone in Jakarta was staged by actors to control the population.,0
SHOCKING video shows meteor strike in Manila was actually caused by aliens! Click here to watch.,0
Officials confirm at least 150 injured after flood struck Florida last night.,1
Leaked documents show that the flood in Florida was predicted in a cartoon 10 years ago.,0
Rumor says the landslide in Florida was staged by actors to control the population.,0
Casualties feared after a major earthquake occurred in Florida early this morning.,1
Warning: government hoax in Texas will destroy the entire continent by tomorrow! Run!,0
URGENT: Drinking bleach cures any radiation from the alien invasion in London!,0
URGENT: Drinking bleach cures any radiation from the earthquake in Tokyo!,0
UNBELIEVABLE: Government secret weapon caused the government hoax in Tokyo!,0
Severe explosion reported in Tokyo. Emergency services are on the scene.,1
Warning: monster attack in Tokyo will destroy the entire continent by tomorrow! Run!,0
Leaked documents show that the alien invasion in California was predicted in a cartoon 10 years ago.,0
Alert! Zombie outbreak reported after the tornado in New York. Spread this!,0
A magnitude 7.6 cyclone hit Mumbai today. Local authorities advise caution.,1
Officials confirm at least 35 injured after flood struck New York last night.,1
Warning: hurricane in Tokyo will destroy the entire continent by tomorrow! Run!,0
Casualties feared after a major flood occurred in Beijing early this morning.,1
Alert! Zombie outbreak reported after the alien invasion in California. Spread this!,0
Red Cross providing emergency aid to families affected by cyclone in New York.,1
Power outages and transport disruptions reported in Paris due to ongoing cyclone.,1
Officials confirm at least 28 injured after landslide struck California last night.,1
Local reports claim a giant sea monster caused the zombie virus in Beijing!,0
Breaking: tornado has caused widespread damage in Texas. Evacuation orders in place.,1
Casualties feared after a major landslide occurred in Texas early this morning.,1
Casualties feared after a major cyclone occurred in Jakarta early this morning.,1
SHOCKING video shows government hoax in Texas was actually caused by aliens! Click here to watch.,0
Search and rescue teams dispatched to Texas following a sudden explosion.,1
Meteorological department issues warning for tornado in Mumbai and surrounding areas.,1
Alert! Zombie outbreak reported after the cyclone in London. Spread this!,0
Alert! Zombie outbreak reported after the tornado in London. Spread this!,0
Rumor says the tornado in Sydney was staged by actors to control the population.,0
Severe cyclone reported in Beijing. Emergency services are on the scene.,1
Rumor says the hurricane in Beijing was staged by actors to control the population.,0
Breaking: landslide has caused widespread damage in Beijing. Evacuation orders in place.,1
Local reports claim a giant sea monster caused the monster attack in Manila!,0
UNBELIEVABLE: Government secret weapon caused the alien invasion in Paris!,0
Meteorological department issues warning for explosion in Tokyo and surrounding areas.,1
Search and rescue teams dispatched to Texas following a sudden tornado.,1
A magnitude 7.6 cyclone hit Texas today. Local authorities advise caution.,1
SHOCKING video shows alien invasion in California was actually caused by aliens! Click here to watch.,0
Local reports claim a giant sea monster caused the tornado in Paris!,0
Search and rescue teams dispatched to Mumbai following a sudden hurricane.,1
Severe tornado reported in Tokyo. Emergency services are on the scene.,1
Warning: cyclone in Tokyo will destroy the entire continent by tomorrow! Run!,0
Officials confirm at least 150 injured after earthquake struck Jakarta last night.,1
